,Age,Attrition,DailyRate,DistanceFromHome,HourlyRate,JobLevel,JobRole,MaritalStatus,MonthlyIncome,MonthlyRate,NumCompaniesWorked,OverTime,StockOptionLevel,TotalWorkingYears,YearsAtCompany,YearsInCurrentRole,YearsWithCurrManager
0,41,1,1102,1,94,2,0,0,5993,19479,8,1,0,8,6,4,5
1,49,0,279,8,61,2,6,2,5130,24907,1,0,1,10,10,7,7
2,37,1,1373,2,92,1,2,0,2090,2396,6,1,0,7,0,0,0
3,33,0,1392,3,56,1,6,2,2909,23159,1,1,0,8,8,7,0
4,27,0,591,2,40,1,2,2,3468,16632,9,0,1,6,2,2,2
5,32,0,1005,2,79,1,2,0,3068,11864,0,0,0,8,7,7,6
6,59,0,1324,3,81,1,2,2,2670,9964,4,1,3,12,1,0,0
7,30,0,1358,24,67,1,2,1,2693,13335,1,0,1,1,1,0,0
8,38,0,216,23,44,3,3,0,9526,8787,0,0,0,10,9,7,8
9,36,0,1299,27,94,2,4,2,5237,16577,6,0,2,17,7,7,7
10,35,0,809,16,84,1,2,2,2426,16479,0,0,1,6,5,4,3
11,29,0,153,15,49,2,2,0,4193,12682,0,1,0,10,9,5,8
12,31,0,670,26,31,1,6,1,2911,15170,1,0,1,5,5,2,3
13,34,0,1346,19,93,1,2,1,2661,8758,0,0,1,3,2,2,2
14,28,1,103,24,50,1,2,0,2028,12947,5,1,0,6,4,2,3
15,29,0,1389,21,51,3,3,1,9980,10195,1,0,1,10,10,9,8
16,32,0,334,5,80,1,6,1,3298,15053,0,1,2,7,6,2,5
17,22,0,1123,16,96,1,2,1,2935,7324,1,1,2,1,1,0,0
18,53,0,1219,2,78,4,5,2,15427,22021,2,0,0,31,25,8,7
19,38,0,371,2,45,1,6,0,3944,4306,5,1,0,6,3,2,2
20,24,0,673,11,96,2,3,1,4011,8232,0,0,1,5,4,2,3
21,36,1,1218,9,82,1,1,0,3407,6986,7,0,0,10,5,3,3
22,34,0,419,7,53,3,7,0,11994,21293,0,0,0,13,12,6,11
23,21,0,391,15,96,1,6,0,1232,19281,1,0,0,0,0,0,0
24,34,1,699,6,83,1,6,0,2960,17102,2,0,0,8,4,2,3
25,53,0,1282,5,58,5,5,1,19094,10735,4,0,1,26,14,13,8
26,32,1,1125,16,72,1,6,0,3919,4681,1,1,0,10,10,2,7
27,42,0,691,8,48,2,0,2,6825,21173,0,0,1,10,9,7,2
28,44,0,477,7,42,3,4,2,10248,2094,3,0,1,24,22,6,17
29,46,0,705,2,83,5,5,0,18947,22822,3,0,0,22,2,2,1
30,33,0,924,2,78,1,2,0,2496,6670,4,0,0,7,1,1,0
31,44,0,1459,10,41,2,4,2,6465,19121,2,1,0,9,4,2,3
32,30,0,125,9,83,1,2,0,2206,16117,1,0,0,10,10,0,8
33,39,1,895,5,56,2,1,2,2086,3335,3,0,1,19,1,0,0
34,24,1,813,1,61,1,6,2,2293,3020,2,1,1,6,2,0,0
35,43,0,1273,2,72,1,6,1,2645,21923,1,0,2,6,5,3,4
36,50,1,869,3,86,1,1,2,2683,3810,1,1,0,3,3,2,2
37,35,0,890,2,97,1,1,2,2014,9687,1,0,0,2,2,2,2
38,36,0,852,5,82,1,6,2,3419,13072,9,1,1,6,1,1,0
39,33,0,1141,1,42,2,0,2,5376,3193,2,0,2,10,5,3,3
40,35,0,464,4,75,1,2,1,1951,10910,1,0,1,1,1,0,0
41,27,0,1240,2,33,1,2,1,2341,19715,1,0,1,1,1,0,0
42,26,1,1357,25,48,1,2,0,2293,10558,1,0,0,1,1,0,1
43,27,0,994,8,37,3,0,0,8726,2975,1,0,0,9,9,8,7
44,30,0,721,1,58,2,2,0,4011,10781,1,0,0,12,12,8,7
45,41,1,1360,12,49,5,7,2,19545,16280,1,0,0,23,22,15,8
46,34,0,1065,23,72,2,0,0,4568,10034,0,0,0,10,9,5,7
47,37,0,408,19,73,1,6,2,3022,10227,4,0,0,8,1,0,0
48,46,0,1211,5,98,2,0,0,5772,20445,4,1,0,14,9,6,8
49,35,0,1229,8,36,1,2,2,2269,4892,1,0,0,1,1,0,1
50,48,1,626,1,98,3,2,0,5381,19294,9,1,0,23,1,0,0
51,28,1,1434,5,50,1,2,0,3441,11179,1,1,0,2,2,2,2
52,44,0,1488,1,75,2,0,1,5454,4009,5,1,1,9,4,3,3
53,35,0,1097,11,79,3,4,2,9884,8302,2,1,1,10,4,0,3
54,26,0,1443,23,47,2,0,2,4157,21436,7,1,1,5,2,2,0
55,33,0,515,1,98,3,7,0,13458,15146,1,1,0,15,15,14,12
56,35,0,853,18,71,3,0,2,9069,11031,1,0,1,9,9,8,8
57,35,0,1142,23,30,1,2,2,4014,16002,3,1,1,4,2,2,2
58,31,0,655,7,48,2,2,1,5915,9528,3,0,1,10,7,7,7
59,37,0,1115,1,51,2,3,1,5993,2689,1,0,1,7,7,5,7
60,32,0,427,1,33,2,3,2,6162,10877,1,1,1,9,9,8,8
61,38,0,653,29,50,2,2,0,2406,5456,1,0,0,10,10,3,9
62,50,0,989,7,43,5,7,1,18740,16701,5,1,1,29,27,3,8
63,59,0,1435,25,99,3,0,0,7637,2354,7,0,0,28,21,16,9
64,36,0,1223,8,59,3,4,1,10096,8202,1,0,3,17,17,14,8
65,55,0,836,8,33,4,5,1,14756,19730,2,1,3,21,5,0,2
66,36,0,1195,11,95,2,3,0,6499,22656,1,0,0,6,6,5,3
67,45,0,1339,7,59,3,6,1,9724,18787,2,0,1,25,1,0,0
68,35,0,664,1,79,1,6,2,2194,5868,4,0,1,5,3,2,2
69,36,1,318,9,79,1,6,2,3388,21777,0,1,1,2,1,0,0
70,59,0,1225,1,57,2,0,0,5473,24668,7,0,0,20,4,3,3
71,29,0,1328,2,76,1,6,2,2703,4956,0,0,1,6,5,4,4
72,31,0,1082,1,87,1,6,0,2501,18775,1,0,0,1,1,1,0
73,32,0,548,1,66,2,6,2,6220,7346,1,0,2,10,10,4,9
74,36,0,132,6,55,1,2,2,3038,22002,3,0,0,5,1,0,0
75,31,0,746,8,61,2,3,0,4424,20682,1,0,0,11,11,7,8
76,35,0,776,1,32,2,0,0,4312,23016,0,0,0,16,15,13,8
77,45,0,193,6,52,3,7,2,13245,15067,4,1,0,17,0,0,0
78,37,0,397,7,30,3,7,0,13664,25258,4,0,0,16,5,2,2
79,46,0,945,5,80,2,8,1,5021,10425,8,1,1,16,4,2,2
80,30,0,852,1,55,2,2,2,5126,15998,1,1,2,10,10,8,0
81,35,0,1214,1,30,1,6,0,2859,26278,1,0,0,6,6,4,4
82,55,0,111,1,70,3,0,2,10239,18092,3,0,1,24,1,0,0
83,38,0,573,6,79,2,6,1,5329,15717,7,1,3,17,13,11,9
84,34,0,1153,1,94,2,3,2,4325,17736,1,0,0,5,5,2,3
85,56,0,1400,7,49,3,3,0,7260,21698,4,0,0,37,6,4,2
86,23,0,541,2,62,1,1,1,2322,9518,3,0,1,3,0,0,0
87,51,0,432,9,96,1,2,2,2075,18725,3,0,2,10,4,2,3
88,30,0,288,2,99,2,4,2,4152,15830,1,0,3,11,11,10,8
89,46,1,669,9,64,3,0,0,9619,13596,1,0,0,9,9,8,7
90,40,0,530,1,78,4,4,2,13503,14115,1,0,1,22,22,3,11
91,51,0,632,21,71,2,0,0,5441,8423,0,1,0,11,10,7,0
92,30,0,1334,4,63,2,0,1,5209,19760,1,1,3,11,11,8,7
93,46,0,638,1,40,3,4,2,10673,3142,2,1,1,21,10,9,5
94,32,0,1093,6,87,2,0,0,5010,24301,1,0,0,12,11,8,7
95,54,0,1217,2,60,3,7,2,13549,24001,9,0,1,16,4,3,3
96,24,0,1353,3,33,2,0,2,4999,17519,0,0,1,4,3,2,2
97,28,0,120,4,43,2,0,2,4221,8863,1,0,0,5,5,4,4
98,58,0,682,10,37,4,0,0,13872,24409,0,0,0,38,37,10,8
99,44,0,489,23,67,2,2,2,2042,25043,4,0,1,17,3,2,2
100,37,1,807,6,63,1,8,1,2073,23648,4,1,0,7,3,2,2
101,32,0,827,1,71,1,6,0,2956,15178,1,0,0,1,1,0,0
102,20,1,871,6,66,1,2,0,2926,19783,1,1,0,1,1,0,0
103,34,0,665,6,41,2,6,0,4809,12482,1,0,0,16,16,13,10
104,37,0,1040,2,100,2,4,1,5163,15850,5,0,1,17,1,0,0
105,59,0,1420,2,32,5,5,2,18844,21922,9,0,1,30,3,2,2
106,50,0,1115,1,73,5,7,2,18172,9755,3,1,0,28,8,3,7
107,25,1,240,5,46,2,0,0,5744,26959,1,1,0,6,6,4,3
108,25,0,1280,7,64,1,6,2,2889,26897,1,0,2,2,2,2,1
109,22,0,534,15,59,1,2,0,2871,23785,1,0,0,1,0,0,0
110,51,0,1456,1,30,3,4,0,7484,25796,3,0,0,23,13,12,8
111,34,1,658,7,66,2,2,0,6074,22887,1,1,0,9,9,7,6
112,54,0,142,26,30,4,5,0,17328,13871,2,1,0,23,5,3,4
113,24,0,1127,18,52,1,2,2,2774,13257,0,0,1,6,5,3,2
114,34,0,1031,6,45,2,6,1,4505,15000,6,0,1,12,1,0,0
115,37,0,1189,3,87,3,0,0,7428,14506,2,0,0,12,5,3,3
116,34,0,1354,5,45,3,5,0,11631,5615,2,0,0,14,11,10,8
117,36,0,1467,11,92,3,0,2,9738,22952,0,0,1,10,9,7,8
118,36,0,922,3,39,1,2,1,2835,2561,5,0,1,7,1,0,0
119,43,0,394,26,92,4,5,2,16959,19494,1,1,2,25,25,12,12
120,30,0,1312,23,96,1,6,1,2613,22310,1,0,3,10,10,7,9
121,33,0,750,22,95,2,0,2,6146,15480,0,0,1,8,7,7,7
122,56,1,441,14,72,1,6,2,4963,4510,9,1,3,7,5,4,3
123,51,0,684,6,51,5,7,0,19537,6462,7,0,0,23,20,18,15
124,31,1,249,6,76,2,0,2,6172,20739,4,1,0,12,7,7,7
125,26,0,841,6,46,1,6,2,2368,23300,1,0,0,5,5,4,3
126,58,1,147,23,94,3,4,2,10312,3465,1,0,1,40,40,10,6
127,19,1,528,22,50,1,1,0,1675,26820,1,1,0,0,0,0,0
128,22,0,594,2,100,1,2,2,2523,19299,0,0,1,3,2,1,1
129,49,0,470,20,96,2,3,2,6567,5549,1,0,0,16,15,11,11
130,43,0,957,28,72,1,6,0,4739,16090,4,0,0,18,3,2,2
131,50,0,809,12,77,3,0,0,9208,6645,4,0,0,16,2,2,1
132,31,1,542,20,71,2,0,2,4559,24788,3,1,1,4,2,2,2
133,41,0,802,9,96,3,0,1,8189,21196,3,1,1,12,9,7,7
134,26,0,1355,25,61,1,8,2,2942,8916,1,0,1,8,8,7,7
135,36,0,216,6,84,2,3,1,4941,2819,6,0,2,7,3,2,1
136,51,1,1150,8,53,3,3,0,10650,25150,2,0,0,18,4,2,3
137,39,0,1329,4,47,2,0,2,5902,14590,4,0,1,17,15,11,9
138,25,0,959,28,41,2,0,2,8639,24835,2,0,0,6,2,2,2
139,30,0,1240,9,48,2,8,2,6347,13982,0,1,0,12,11,9,7
140,32,1,1033,9,41,1,2,0,4200,10224,7,0,0,10,5,4,4
141,45,0,1316,29,83,1,6,0,3452,9752,5,0,0,9,6,5,3
142,38,0,364,3,32,2,6,0,4317,2302,3,1,0,19,3,2,2
143,30,0,438,18,75,1,6,0,2632,23910,1,0,0,5,5,4,4
144,32,0,689,9,35,2,0,1,4668,22812,0,0,3,9,8,7,7
145,30,0,201,5,84,1,6,1,3204,10415,5,0,1,8,3,2,2
146,30,0,1427,2,35,1,2,0,2720,11162,0,0,0,6,5,3,2
147,41,0,857,10,91,4,5,1,17181,12888,4,0,1,21,7,6,7
148,41,0,933,9,94,1,2,2,2238,6961,2,0,1,7,5,0,4
149,19,0,1181,3,79,1,2,0,1483,16102,1,0,0,1,1,0,0
150,40,0,1395,26,54,2,6,1,5605,8504,1,0,1,20,20,7,13
151,35,0,662,1,94,3,0,2,7295,11439,1,0,2,10,10,8,6
152,53,0,1436,6,34,2,1,2,2306,16047,2,1,1,13,7,7,5
153,45,0,194,9,60,2,2,1,2348,10901,8,0,1,20,17,9,15
154,32,0,967,8,43,3,0,0,8998,15589,1,0,0,9,9,8,7
155,29,0,1496,1,41,2,3,2,4319,26283,1,0,1,10,10,7,9
156,51,0,1169,7,34,2,3,2,6132,13983,2,0,0,10,1,0,0
157,58,0,1145,9,75,1,6,2,3346,11873,4,1,1,9,1,0,0
158,40,0,630,4,67,3,0,2,10855,8552,7,0,1,15,12,11,11
159,34,0,303,2,75,1,1,2,2231,11314,6,0,1,6,4,3,2
160,22,0,1256,19,80,1,6,2,2323,11992,1,0,2,2,2,2,2
161,27,0,691,9,57,1,6,1,2024,5970,6,0,1,6,2,2,2
162,28,0,440,21,42,1,6,2,2713,6672,1,0,1,5,5,2,2
163,57,0,334,24,83,3,4,1,9439,23402,3,1,1,12,5,3,4
164,27,0,1450,3,79,1,6,1,2566,25326,1,1,1,1,1,1,1
165,50,0,1452,11,53,5,5,0,19926,17053,3,0,0,21,5,4,4
166,41,0,465,14,56,1,6,1,2451,4609,4,0,1,13,9,8,8
167,30,0,1339,5,41,3,0,2,9419,8053,2,0,1,12,10,9,4
168,38,0,702,1,59,2,0,0,8686,12930,4,0,0,12,8,3,7
169,32,0,120,6,43,1,6,0,3038,12430,3,0,0,8,5,4,4
170,27,0,1157,17,51,1,6,2,3058,13364,0,1,1,6,5,2,1
171,19,1,602,1,100,1,1,0,2325,20989,0,0,0,1,0,0,0
172,36,0,1480,3,30,1,2,0,2088,15062,4,0,0,13,8,7,2
173,30,0,111,9,66,2,2,1,3072,11012,1,0,2,12,12,9,10
174,45,0,1268,4,30,2,0,1,5006,6319,4,1,1,9,5,4,3
175,56,0,713,8,67,1,6,1,4257,13939,4,1,1,19,2,2,2
176,33,0,134,2,90,1,6,0,2500,10515,0,0,0,4,3,1,2
177,19,1,303,2,47,1,2,0,1102,9241,1,0,0,1,1,0,0
178,46,0,526,1,92,3,0,1,10453,2137,1,0,3,24,24,13,7
179,38,0,1380,9,75,1,2,0,2288,6319,1,0,0,2,2,2,1
180,31,0,140,12,95,1,6,2,3929,6984,8,1,1,7,4,2,2
181,34,0,629,27,95,1,6,0,2311,5711,2,0,0,9,3,2,2
182,41,1,1356,20,70,1,1,0,3140,21728,1,1,0,4,4,3,2
183,50,0,328,1,86,1,2,2,3690,3425,2,0,1,5,3,2,2
184,53,0,1084,13,57,2,3,1,4450,26250,1,0,2,5,4,2,3
185,33,0,931,14,72,1,6,2,2756,4673,1,0,1,8,8,7,6
186,40,0,989,4,46,5,5,2,19033,6499,1,0,1,21,20,8,9
187,55,0,692,14,61,5,7,0,18722,13339,8,0,0,36,24,15,15
188,34,0,1069,2,45,2,3,2,9547,14074,1,0,0,10,10,9,9
189,51,0,313,3,98,4,4,0,13734,7192,3,0,0,21,7,7,0
190,52,0,699,1,65,5,5,2,19999,5678,0,0,1,34,33,18,9
191,27,0,894,9,99,1,6,0,2279,11781,1,0,0,7,7,7,3
192,35,1,556,23,50,2,3,2,5916,15497,3,1,0,8,1,0,1
193,43,0,1344,7,37,1,6,1,2089,5228,4,0,3,7,5,4,2
194,45,0,1195,2,65,4,5,2,16792,20462,9,0,1,22,20,8,8
195,37,0,290,21,65,1,6,2,3564,22977,1,1,1,8,8,7,7
196,35,0,138,2,37,2,2,0,4425,15986,5,0,0,10,6,2,2
197,42,0,926,21,36,2,3,1,5265,16439,2,0,1,11,5,3,2
198,38,0,1261,2,88,2,3,2,6553,7259,9,0,0,14,1,0,0
199,38,0,1084,29,54,2,3,2,6261,4185,3,0,1,9,7,7,7
200,27,0,472,1,60,2,3,2,4298,9679,5,0,1,6,2,2,0
201,49,0,1002,18,92,2,3,1,6804,23793,1,1,2,7,7,7,7
202,34,0,878,10,43,1,6,1,3815,5972,1,1,1,5,5,3,0
203,40,0,905,19,99,2,2,2,2741,16523,8,1,1,15,7,2,7
204,38,1,1180,29,70,2,4,2,6673,11354,7,1,0,17,1,0,0
205,29,1,121,27,35,3,0,2,7639,24525,1,0,3,10,10,4,9
206,22,0,1136,5,60,1,6,1,2328,12392,1,1,1,4,4,2,2
207,36,0,635,18,73,1,2,0,2153,7703,1,0,0,8,8,1,7
208,40,0,1151,9,63,2,4,2,4876,14242,9,0,1,5,3,2,2
209,46,0,644,1,97,3,4,1,9396,12368,7,0,1,17,4,2,3
210,32,1,1045,4,32,3,0,2,10400,25812,1,0,0,14,14,8,8
211,30,0,829,1,88,3,3,0,8474,20925,1,0,0,12,11,8,8
212,27,0,1242,20,90,2,0,0,9981,12916,1,0,0,7,7,7,7
213,51,0,1469,8,81,3,7,2,12490,15736,5,0,2,16,10,9,7
214,30,1,1005,3,88,1,6,0,2657,8556,5,1,0,8,5,2,4
215,41,0,896,6,75,3,5,0,13591,14674,3,1,0,16,1,0,0
216,30,1,334,26,52,2,0,0,6696,22967,5,0,0,9,6,3,1
217,29,1,992,1,85,1,6,0,2058,19757,0,0,0,7,6,2,5
218,45,0,1052,6,57,3,0,0,8865,16840,6,0,0,23,19,7,8
219,54,0,1147,3,52,2,0,2,5940,17011,2,0,1,16,6,2,5
220,36,0,1396,5,62,2,2,0,5914,9945,8,0,0,16,13,11,7
221,33,0,147,4,47,1,6,2,2622,13248,6,0,0,7,3,2,1
222,37,0,663,11,47,3,7,1,12185,10056,1,1,3,10,10,8,7
223,38,0,119,3,76,3,0,1,10609,9647,0,0,2,17,16,10,13
224,31,0,979,1,90,2,3,2,4345,4381,0,0,1,6,5,4,4
225,59,0,142,3,70,1,6,2,2177,8456,3,0,1,7,1,0,0
226,37,0,319,4,41,1,1,1,2793,2539,4,0,1,13,9,8,8
227,29,0,1413,1,42,3,0,2,7918,6599,1,0,1,11,11,10,1
228,35,0,944,1,92,3,0,0,8789,9096,1,0,0,10,10,7,8
229,29,1,896,18,86,1,6,0,2389,14961,1,1,0,4,4,3,1
230,52,0,1323,2,89,1,2,0,3212,3300,7,0,0,6,2,2,2
231,42,0,532,4,58,5,5,2,19232,4933,1,0,0,22,22,17,15
232,59,0,818,6,52,1,8,2,2267,25657,8,0,0,7,2,2,2
233,50,0,854,1,68,5,5,1,19517,24118,3,0,1,32,7,0,6
234,33,1,813,14,58,1,2,2,2436,22149,5,1,1,8,5,4,4
235,43,0,1034,16,80,4,5,2,16064,7744,5,1,1,22,17,13,9
236,33,1,465,2,39,1,2,2,2707,21509,7,0,0,13,9,7,7
237,52,0,771,2,79,5,5,0,19068,21030,1,1,0,33,33,7,12
238,32,0,1401,4,56,1,1,2,3931,20990,2,0,1,6,4,3,2
239,32,1,515,1,62,1,2,0,3730,9571,0,1,0,4,3,2,2
240,39,0,1431,1,96,1,2,1,2232,15417,7,0,3,7,3,2,2
241,32,0,976,26,100,2,0,2,4465,12069,0,0,0,4,3,2,2
242,41,0,1411,19,36,2,6,1,3072,19877,2,0,2,17,1,0,0
243,40,0,1300,24,62,2,6,1,3319,24447,1,0,2,9,9,8,7
244,45,0,252,1,70,5,5,2,19202,15970,0,0,1,25,24,0,7
245,31,0,1327,3,73,3,7,1,13675,13523,9,0,1,9,2,2,2
246,33,0,832,5,63,1,6,2,2911,14776,1,0,1,2,2,2,2
247,34,0,470,2,84,2,3,2,5957,23687,6,0,1,13,11,9,9
248,37,0,1017,1,83,1,6,2,3920,18697,2,0,1,17,3,1,2
249,45,0,1199,7,77,2,3,2,6434,5118,4,0,1,9,3,2,2
250,37,1,504,10,61,3,3,1,10048,22573,6,0,2,17,1,0,0
251,39,0,505,2,64,3,4,0,10938,6420,0,0,0,20,19,6,8
252,29,0,665,15,60,1,6,0,2340,22673,1,0,0,6,6,5,5
253,42,0,916,17,82,2,6,0,6545,23016,3,1,0,10,3,2,2
254,29,0,1247,20,45,2,0,1,6931,10732,2,0,1,10,3,2,2
255,25,0,685,1,62,2,3,2,4898,7505,0,0,2,5,4,2,2
256,42,0,269,2,56,1,2,1,2593,8007,0,1,1,10,9,6,8
257,40,0,1416,2,49,5,7,1,19436,5949,0,0,1,22,21,7,9
258,51,0,833,1,96,1,6,2,2723,23231,1,0,0,1,1,0,0
259,31,1,307,29,71,1,2,0,3479,11652,0,0,0,6,5,4,4
260,32,0,1311,7,100,1,2,2,2794,26062,1,0,0,5,5,1,3
261,38,0,1327,2,39,2,0,2,5249,19682,3,0,1,13,8,7,5
262,32,0,128,2,84,2,2,0,2176,19737,4,0,0,9,6,2,4
263,46,0,488,2,75,4,5,2,16872,14977,3,1,1,28,7,7,7
264,28,1,529,2,79,1,2,0,3485,14935,2,0,0,5,0,0,0
265,29,0,1210,2,78,2,0,2,6644,3687,2,0,2,10,0,0,0
266,31,0,1463,23,64,2,4,2,5582,14408,0,0,1,10,9,0,8
267,25,0,675,5,85,2,4,1,4000,18384,1,0,2,6,6,3,5
268,45,0,1385,20,79,4,4,2,13496,7501,0,1,0,21,20,7,10
269,36,0,1403,6,47,1,2,2,3210,20251,0,0,1,16,15,13,11
270,55,0,452,1,81,5,5,0,19045,18938,0,1,0,37,36,10,13
271,47,1,666,29,88,3,5,2,11849,10268,1,1,1,10,10,7,9
272,28,0,1158,9,94,1,6,2,2070,2613,1,0,1,5,5,2,4
273,37,0,228,6,98,2,0,2,6502,22825,4,0,1,7,5,4,1
274,21,0,996,3,100,1,6,0,3230,10531,1,0,0,3,3,2,0
275,37,0,728,1,80,3,7,1,13603,11677,2,1,2,15,5,2,2
276,35,0,1315,22,71,3,5,1,11996,19100,7,0,1,10,7,7,2
277,38,0,322,7,44,2,0,1,5605,19191,1,1,1,8,8,0,7
278,26,0,1479,1,84,2,3,1,6397,26767,1,0,1,6,6,5,4
279,50,0,797,4,96,5,7,1,19144,15815,3,0,2,28,10,4,6
280,53,0,1070,3,45,4,7,2,17584,21016,3,1,3,21,5,3,3
281,42,0,635,1,99,2,0,2,4907,24532,1,0,0,20,20,16,6
282,29,0,442,2,44,2,0,0,4554,20260,1,0,0,10,10,7,9
283,55,0,147,20,37,2,2,2,5415,15972,3,1,1,12,10,7,8
284,26,0,496,11,60,2,4,2,4741,22722,1,1,1,5,5,3,3
285,37,0,1372,1,42,1,6,0,2115,15881,1,0,0,17,17,12,7
286,44,1,920,24,43,1,2,1,3161,19920,3,1,1,19,1,0,0
287,38,0,688,23,82,2,4,1,5745,18899,9,0,1,10,2,2,2
288,26,1,1449,16,45,1,2,1,2373,14180,2,1,1,5,3,2,2
289,28,0,1117,8,66,1,6,0,3310,4488,1,0,0,5,5,3,2
290,49,0,636,10,35,5,7,0,18665,25594,9,1,0,22,3,2,2
291,36,0,506,3,30,2,6,0,4485,26285,4,0,0,10,8,0,7
292,31,0,444,5,84,1,1,1,2789,3909,1,0,1,2,2,2,2
293,26,1,950,4,48,2,0,0,5828,8450,1,1,0,8,8,7,4
294,37,0,889,9,53,1,6,2,2326,11411,1,1,3,4,4,2,2
295,42,0,555,26,77,4,0,2,13525,14864,5,0,1,23,20,4,8
296,18,1,230,3,54,1,2,0,1420,25233,1,0,0,0,0,0,0
297,35,0,1232,16,96,3,0,2,8020,5100,0,0,2,12,11,9,9
298,36,0,566,18,81,1,2,2,3688,7122,4,0,2,4,1,0,0
299,51,0,1302,2,84,2,3,1,5482,16321,5,0,1,13,4,1,2
300,41,0,334,2,88,4,5,0,16015,15896,1,0,0,22,22,10,4
301,18,0,812,10,69,1,1,0,1200,9724,1,0,0,0,0,0,0
302,28,0,1476,16,68,2,4,0,5661,4824,0,0,0,9,8,3,7
303,31,0,218,7,100,2,0,2,6929,12241,4,0,1,10,8,7,7
304,39,0,1132,1,48,3,4,1,9613,10942,0,0,3,19,18,10,7
305,36,0,1105,24,47,2,2,2,5674,6927,7,0,1,11,9,8,8
306,32,0,906,7,91,2,0,2,5484,16985,1,0,1,13,13,8,8
307,38,0,849,25,81,3,7,2,12061,26707,3,0,1,19,10,8,1
308,58,0,390,1,32,2,4,1,5660,17056,2,1,1,12,5,3,2
309,31,0,691,5,86,1,6,2,4821,10077,0,1,1,6,5,2,3
310,31,0,106,2,62,2,8,2,6410,17822,3,0,0,9,2,2,0
311,45,0,1249,7,97,3,2,1,5210,20308,1,0,1,24,24,9,11
312,31,0,192,2,32,1,6,1,2695,7747,0,1,1,3,2,2,2
313,33,0,553,5,74,3,5,2,11878,23364,6,0,2,12,10,6,8
314,39,0,117,10,99,4,5,2,17068,5355,1,1,0,21,21,9,10
315,43,0,185,10,33,1,2,0,2455,10675,0,0,0,9,8,7,7
316,49,0,1091,1,90,4,4,0,13964,17810,7,1,0,25,7,1,7
317,52,1,723,8,85,2,6,2,4941,17747,2,0,0,11,8,2,7
318,27,0,1220,5,85,1,6,0,2478,20938,1,1,0,4,4,3,2
319,32,0,588,8,65,2,0,2,5228,24624,1,1,0,13,13,12,9
320,27,0,1377,2,74,2,0,0,4478,5242,1,1,0,5,5,4,4
321,31,0,691,7,73,2,0,1,7547,7143,4,0,3,13,7,7,7
322,32,0,1018,2,74,2,6,0,5055,10557,7,0,0,10,7,7,7
323,28,1,1157,2,84,1,6,2,3464,24737,5,1,0,5,3,2,2
324,30,0,1275,28,64,2,6,2,5775,11934,1,0,2,11,10,8,9
325,31,0,798,7,48,3,3,2,8943,14034,1,0,1,10,10,9,9
326,39,0,672,7,54,5,5,2,19272,21141,1,0,1,21,21,9,3
327,39,1,1162,3,41,2,0,2,5238,17778,4,1,0,12,1,0,0
328,33,0,508,10,46,2,0,0,4682,4317,3,0,0,9,7,7,1
329,47,0,1482,5,42,5,7,2,18300,16375,4,0,1,21,3,2,1
330,43,0,559,10,82,2,2,1,5257,6227,1,0,1,9,9,7,0
331,27,0,210,1,73,2,0,2,6349,22107,0,1,1,6,5,4,4
332,54,0,928,20,31,2,6,0,4869,16885,3,0,0,20,4,3,3
333,43,0,1001,7,43,3,4,2,9985,9262,8,0,1,10,1,0,0
334,45,0,549,8,75,2,6,2,3697,9278,9,0,2,12,10,9,8
335,40,0,1124,1,57,2,0,2,7457,13273,2,1,3,6,4,3,2
336,29,1,318,8,77,1,2,2,2119,4759,1,1,0,7,7,7,7
337,29,0,738,9,30,1,2,0,3983,7621,0,0,0,4,3,2,2
338,30,0,570,5,30,2,0,1,6118,5431,1,0,3,10,10,9,2
339,27,0,1130,8,56,2,0,2,6214,3415,1,0,1,8,8,7,7
340,37,0,1192,5,61,2,3,1,6347,23177,7,0,2,8,6,2,4
341,38,0,343,15,92,3,7,1,11510,15682,0,1,1,12,11,10,9
342,31,0,1232,7,39,3,3,0,7143,25713,1,1,0,11,11,9,10
343,29,0,144,10,39,2,0,1,8268,11866,1,1,2,7,7,7,7
344,35,0,1296,5,62,3,3,0,8095,18264,0,0,0,17,16,6,13
345,23,0,1309,26,83,1,6,1,2904,16092,1,0,2,4,4,2,2
346,41,0,483,6,95,2,3,0,6032,10110,6,1,0,8,5,4,2
347,47,0,1309,4,99,2,1,0,2976,25751,3,0,0,5,0,0,0
348,42,0,810,23,44,4,7,0,15992,15901,2,0,0,16,1,0,0
349,29,0,746,2,61,2,0,2,4649,16928,1,0,1,4,4,3,2
350,42,0,544,2,52,1,8,1,2696,24017,0,1,1,4,3,2,0
351,32,0,1062,2,75,1,2,2,2370,3956,1,0,1,8,8,0,7
352,48,0,530,29,91,3,5,2,12504,23978,3,0,1,15,0,0,0
353,37,0,1319,6,51,2,6,1,5974,17001,4,1,2,13,7,7,7
354,30,0,641,25,85,2,0,2,4736,6069,7,1,1,4,2,2,2
355,26,0,933,1,57,2,0,2,5296,20156,1,0,1,8,8,7,7
356,42,0,1332,2,98,2,4,0,6781,17078,3,0,0,14,1,0,0
357,21,1,756,1,99,1,1,0,2174,9150,1,1,0,3,3,2,2
358,36,0,845,1,45,2,0,0,6653,15276,4,0,0,7,1,0,0
359,36,0,541,3,48,3,0,2,9699,7246,4,0,1,16,13,9,12
360,57,0,593,1,88,2,4,2,6755,2967,2,0,0,15,3,2,2
361,40,0,1171,10,46,1,2,2,2213,22495,3,1,1,10,7,7,7
362,21,0,895,9,39,1,1,0,2610,2851,1,0,0,3,3,2,2
363,33,1,350,5,34,1,1,0,2851,9150,1,1,0,1,1,0,0
364,37,0,921,10,98,1,2,2,3452,17663,6,0,1,17,5,4,3
365,46,0,1144,7,30,2,3,2,5258,16044,2,0,0,7,1,0,0
366,41,1,143,4,56,2,0,0,9355,9558,1,0,0,8,8,7,7
367,50,0,1046,10,100,3,4,0,10496,2755,6,0,0,20,4,3,3
368,40,1,575,22,68,2,0,2,6380,6110,2,1,2,8,6,4,0
369,31,0,408,9,42,1,6,0,2657,7551,0,1,0,3,2,2,2
370,21,1,156,12,90,1,1,0,2716,25422,1,0,0,1,1,0,0
371,29,0,1283,23,54,1,6,0,2201,18168,9,0,0,6,3,2,2
372,35,0,755,9,97,2,4,0,6540,19394,9,0,0,10,1,1,0
373,27,0,1469,1,82,1,2,1,3816,17881,1,0,1,5,5,2,4
374,28,0,304,9,92,2,0,0,5253,20750,1,0,0,7,7,5,7
375,49,0,1261,7,31,3,4,0,10965,12066,8,0,0,26,5,2,0
376,51,0,1178,14,87,2,0,2,4936,14862,4,0,1,18,7,7,7
377,36,0,329,2,96,1,6,2,2543,11868,4,0,1,6,2,2,2
378,34,1,1362,19,67,2,0,0,5304,4652,8,1,0,9,5,2,4
379,55,0,1311,2,97,4,5,0,16659,23258,2,1,0,30,5,4,2
380,24,0,1371,10,77,2,0,1,4260,5915,1,1,1,5,5,2,3
381,30,0,202,2,72,1,1,2,2476,17434,1,0,1,1,1,0,0
382,26,1,575,3,73,1,6,0,3102,6582,0,0,0,7,6,4,4
383,22,0,253,11,43,1,6,2,2244,24440,1,0,1,2,2,1,2
384,36,0,164,2,61,3,0,2,7596,3809,1,0,2,10,10,9,0
385,30,1,464,4,40,1,6,0,2285,3427,9,1,0,3,1,0,0
386,37,0,1107,14,95,1,2,1,3034,26914,1,0,1,18,18,7,17
387,40,0,759,2,46,2,0,1,5715,22553,7,0,2,8,5,4,3
388,42,0,201,1,95,1,2,1,2576,20490,3,0,1,8,5,2,2
389,37,0,1305,10,49,2,3,0,4197,21123,2,1,0,18,1,0,1
390,43,0,982,12,59,4,7,1,14336,4345,1,0,1,25,25,10,9
391,40,0,555,2,78,2,2,2,3448,13436,6,0,1,20,1,0,0
392,54,0,821,5,86,5,7,2,19406,8509,4,0,1,24,4,2,2
393,34,0,1381,4,72,2,0,2,6538,12740,9,0,1,6,3,2,2
394,31,0,480,7,31,2,3,2,4306,4156,1,0,1,13,13,10,12
395,43,0,313,21,61,1,2,2,2258,15238,7,0,1,8,3,2,2
396,43,0,1473,8,74,2,4,1,4522,2227,4,1,0,8,5,2,2
397,25,0,891,4,99,2,0,0,4487,12090,1,1,0,5,5,4,3
398,37,0,1063,25,72,2,6,2,4449,23866,3,1,2,15,13,11,7
399,31,0,329,1,98,1,2,2,2218,16193,1,0,1,4,4,2,2
400,39,0,1218,1,52,5,5,1,19197,8213,1,1,1,21,21,8,6
401,56,0,906,6,86,4,0,2,13212,18256,9,0,3,36,7,7,7
402,30,0,1082,12,83,2,0,0,6577,19558,0,0,0,6,5,4,4
403,41,0,645,1,49,3,0,2,8392,19566,1,0,1,10,10,7,7
404,28,0,1300,17,79,2,2,1,4558,13535,1,0,1,10,10,0,8
405,25,1,688,3,91,1,2,2,4031,9396,5,0,1,6,2,2,2
406,52,0,319,3,39,3,3,2,7969,19609,2,1,0,28,5,4,4
407,45,0,192,10,69,1,6,2,2654,9655,3,0,2,8,2,2,2
408,52,0,1490,4,30,4,5,2,16555,10310,2,0,0,31,5,2,4
409,42,0,532,29,92,2,6,1,4556,12932,2,0,1,19,5,4,2
410,30,0,317,2,43,2,3,0,6091,24793,2,0,0,11,5,4,2
411,60,0,422,7,41,5,5,2,19566,3854,5,0,0,33,29,8,10
412,46,0,1485,18,87,2,3,1,4810,26314,2,0,1,19,10,7,8
413,42,0,1368,28,88,2,4,2,4523,4386,0,0,3,7,6,5,4
414,24,1,1448,1,62,1,1,0,3202,21972,1,1,0,6,5,3,4
415,34,1,296,6,33,1,1,1,2351,12253,0,0,1,3,2,2,0
416,38,0,1490,2,42,1,2,2,1702,12106,1,1,1,1,1,0,0
417,40,0,1398,2,79,5,5,2,18041,13022,0,0,0,21,20,15,12
418,26,0,1349,23,90,1,6,1,2886,3032,1,0,2,3,3,2,2
419,30,0,1400,3,53,1,2,2,2097,16734,4,0,1,9,5,3,4
420,29,0,986,3,93,3,7,2,11935,21526,1,0,0,10,10,2,7
421,29,1,408,25,71,1,6,2,2546,18300,5,0,0,6,2,2,1
422,19,1,489,2,52,1,8,0,2564,18437,1,0,0,1,1,0,0
423,30,0,1398,22,69,3,0,2,8412,2890,0,0,0,10,9,8,8
424,57,0,210,29,56,4,5,1,14118,22102,3,0,1,32,1,0,0
425,50,0,1099,29,88,4,5,2,17046,9314,0,0,1,28,27,10,7
426,30,0,1116,2,49,1,2,0,2564,7181,0,0,0,12,11,7,7
427,60,0,1499,28,80,3,0,2,10266,2845,4,0,0,22,18,13,11
428,47,0,983,2,65,2,3,1,5070,7389,5,0,3,20,5,0,4
429,46,0,1009,2,51,4,7,2,17861,2288,6,0,0,26,3,2,1
430,35,0,144,22,46,1,2,0,4230,19225,0,0,0,6,5,4,3
431,54,0,548,8,42,2,2,0,3780,23428,7,0,0,19,1,0,0
432,34,0,1303,2,62,1,6,1,2768,8416,3,0,1,14,7,3,7
433,46,0,1125,10,94,3,0,2,9071,11563,2,1,1,15,3,2,2
434,31,0,1274,9,33,3,3,1,10648,14394,1,0,1,13,13,8,8
435,33,1,1277,15,56,3,5,2,13610,24619,7,1,0,15,7,6,7
436,33,1,587,10,38,1,2,1,3408,6705,7,0,3,8,4,3,3
437,30,0,413,7,57,1,1,0,2983,18398,0,0,0,4,3,2,2
438,35,0,1276,16,72,3,4,2,7632,14295,4,1,0,10,8,7,0
439,31,1,534,20,66,3,4,2,9824,22908,3,0,0,12,1,0,0
440,34,1,988,23,43,3,8,1,9950,11533,9,1,3,11,3,2,2
441,42,0,1474,5,97,1,2,2,2093,9260,4,0,1,8,2,2,0
442,36,0,635,10,32,3,0,0,9980,15318,1,0,0,10,10,3,7
443,22,1,1368,4,99,1,2,0,3894,9129,5,0,0,4,2,2,2
444,48,0,163,2,37,2,0,2,4051,19658,2,0,1,14,9,7,7
445,55,0,1117,18,83,4,5,0,16835,9873,3,0,0,37,10,9,7
446,41,0,267,10,56,2,0,0,6230,13430,7,0,0,16,14,3,10
447,35,0,619,1,85,2,0,2,4717,18659,9,0,0,15,11,9,9
448,40,0,302,6,75,4,3,0,13237,20364,7,0,0,22,20,6,13
449,39,0,443,8,48,1,2,2,3755,17872,1,0,1,8,8,3,7
450,31,0,828,2,77,2,0,0,6582,8346,4,1,0,10,6,5,5
451,42,0,319,24,56,3,3,2,7406,6950,1,1,1,10,10,9,8
452,45,0,561,2,61,2,0,2,4805,16177,0,0,1,9,8,7,7
453,26,1,426,17,58,1,8,1,2741,22808,0,1,1,8,7,7,0
454,29,0,232,19,34,2,3,1,4262,22645,4,0,2,8,3,2,2
455,33,0,922,1,95,4,7,1,16184,22578,4,0,1,10,6,1,5
456,31,0,688,7,44,3,5,1,11557,25291,9,0,1,10,5,4,1
457,18,1,1306,5,69,1,1,0,1878,8059,1,1,0,0,0,0,0
458,40,0,1094,28,58,3,0,1,10932,11373,3,0,1,20,1,0,1
459,41,0,509,2,62,2,4,0,6811,2112,2,1,0,10,8,7,7
460,26,0,775,29,45,2,0,1,4306,4267,5,0,2,8,0,0,0
461,35,0,195,1,80,2,0,0,4859,6698,1,0,0,5,5,4,3
462,34,0,258,21,74,2,0,0,5337,19921,1,0,0,10,10,7,7
463,26,1,471,24,66,1,2,0,2340,23213,1,1,0,1,1,0,0
464,37,0,799,1,59,3,3,0,7491,23848,4,0,0,12,6,5,2
465,46,0,1034,18,86,3,4,2,10527,8984,5,0,0,28,2,2,2
466,41,0,1276,2,91,4,5,2,16595,5626,7,0,1,22,18,16,8
467,37,0,142,9,69,3,0,1,8834,24666,1,0,1,9,9,5,7
468,52,0,956,6,78,2,6,1,5577,22087,3,1,2,18,10,9,9
469,32,1,1474,11,60,2,0,2,4707,23914,8,0,0,6,4,2,2
470,24,0,535,24,38,1,1,2,2400,5530,0,0,2,3,2,2,1
471,38,0,1495,10,76,2,4,2,9824,22174,3,0,1,18,1,0,0
472,37,0,446,1,65,2,3,2,6447,15701,6,0,1,8,6,5,3
473,49,0,1245,18,58,5,7,1,19502,2125,1,1,1,31,31,9,9
474,24,0,691,23,89,1,6,2,2725,21630,1,1,2,6,6,5,4
475,26,0,703,28,66,2,0,2,6272,7428,1,0,2,6,5,3,4
476,24,0,823,17,94,1,2,2,2127,9100,1,0,1,1,1,0,0
477,50,0,1246,3,99,5,5,2,18200,7999,1,0,1,32,32,5,7
478,25,0,622,13,40,1,1,2,2096,26376,1,0,0,7,7,4,6
479,24,1,1287,7,55,1,2,2,2886,14168,1,1,1,6,6,3,2
480,30,1,448,12,74,1,1,2,2033,14470,1,0,1,1,1,0,0
481,34,0,254,1,83,1,6,2,3622,22794,1,1,1,6,6,5,3
482,31,1,1365,13,46,2,0,1,4233,11512,2,0,0,9,3,1,2
483,35,0,538,25,54,2,2,0,3681,14004,4,0,0,9,3,2,2
484,31,0,525,6,66,2,0,1,5460,6219,4,0,2,13,7,7,7
485,27,0,798,6,66,1,6,1,2187,5013,0,0,2,6,5,3,3
486,37,0,558,2,75,2,0,2,9602,3010,4,1,1,17,3,0,0
487,20,0,959,1,83,1,6,0,2836,11757,1,0,0,1,1,0,0
488,42,0,622,2,81,2,4,2,4089,5718,1,0,2,10,10,2,2
489,43,0,782,6,50,4,7,1,16627,2671,4,1,1,21,1,0,0
490,38,0,362,1,43,1,6,0,2619,14561,3,0,0,8,0,0,0
491,43,0,1001,9,72,2,2,1,5679,19627,3,1,1,10,8,7,7
492,48,0,1236,1,40,4,5,2,15402,17997,7,0,1,21,3,2,2
493,44,0,1112,1,50,2,8,0,5985,26894,4,0,0,10,2,2,2
494,34,0,204,14,31,1,1,1,2579,2912,1,1,2,8,8,2,6
495,27,1,1420,2,85,1,1,1,3041,16346,0,0,1,5,4,3,2
496,21,0,1343,22,49,1,1,0,3447,24444,1,0,0,3,3,2,2
497,44,0,1315,3,35,5,5,2,19513,9358,4,1,1,26,2,2,1
498,22,0,604,6,69,1,6,2,2773,12145,0,0,0,3,2,2,2
499,33,0,1216,8,39,2,0,1,7104,20431,0,0,0,6,5,0,2
500,32,0,646,9,92,2,6,2,6322,18089,1,1,1,6,6,4,5
501,30,0,160,3,71,1,6,1,2083,22653,1,0,1,1,1,0,0
502,53,0,238,1,34,2,0,0,8381,7507,7,0,0,18,14,7,10
503,34,0,1397,1,42,1,6,2,2691,7660,1,0,1,10,10,9,8
504,45,1,306,26,100,2,0,2,4286,5630,2,0,2,5,1,1,0
505,26,0,991,6,71,1,2,2,2659,17759,1,1,1,3,3,2,2
506,37,0,482,3,36,3,3,2,9434,9606,1,0,1,10,10,7,8
507,29,0,1176,3,62,2,0,2,5561,3487,1,0,1,6,6,0,2
508,35,0,1017,6,82,2,6,0,6646,19368,1,0,0,17,17,11,8
509,33,0,1296,6,30,2,4,1,7725,5335,3,0,1,15,13,11,7
510,54,0,397,19,88,3,8,2,10725,6729,2,0,1,16,9,7,1
511,36,0,913,9,48,2,3,1,8847,13934,2,1,1,13,3,2,2
512,27,0,1115,3,54,1,6,0,2045,15174,0,0,0,5,4,2,1
513,20,1,1362,10,32,1,6,0,1009,26999,1,1,0,1,1,0,1
514,33,1,1076,3,70,1,6,0,3348,3164,1,1,0,10,10,8,7
515,35,0,727,3,41,1,2,2,1281,16900,1,0,2,1,1,0,0
516,23,0,885,4,58,1,6,2,2819,8544,2,0,1,5,3,2,2
517,25,0,810,8,57,2,0,2,4851,15678,0,0,1,4,3,2,2
518,38,0,243,7,46,2,0,0,4028,7791,0,0,0,8,7,7,5
519,29,0,806,1,76,1,6,1,2720,18959,1,0,1,10,10,7,8
520,48,0,817,2,56,2,0,2,8120,18597,3,0,0,12,2,2,2
521,27,0,1410,3,71,2,0,1,4647,16673,1,1,2,6,6,5,4
522,37,0,1225,10,80,1,6,0,4680,15232,3,0,0,4,1,0,0
523,50,0,1207,28,74,1,2,2,3221,3297,1,1,3,20,20,8,8
524,34,0,1442,9,46,3,4,0,8621,17654,1,0,0,9,8,7,7
525,24,1,693,3,65,2,0,0,4577,24785,9,0,0,4,2,2,0
526,39,0,408,2,80,2,4,0,4553,20978,1,0,0,20,20,7,10
527,32,0,929,10,55,2,0,0,5396,21703,1,0,0,10,10,7,8
528,50,1,562,8,50,2,0,2,6796,23452,3,1,1,18,4,3,3
529,38,0,827,1,33,2,4,0,7625,19383,0,0,0,10,9,7,8
530,27,0,608,1,68,3,3,2,7412,6009,1,0,0,9,9,7,7
531,32,0,1018,3,39,3,7,0,11159,19373,3,0,0,10,7,7,7
532,47,0,703,14,42,2,0,0,4960,11825,2,0,0,20,7,7,7
533,40,0,580,5,48,3,0,2,10475,23772,5,1,1,20,18,13,12
534,53,0,970,7,59,4,7,2,14814,13514,3,0,0,32,5,1,3
535,41,0,427,10,73,5,5,1,19141,8861,3,0,3,23,21,6,6
536,60,0,1179,16,84,2,0,0,5405,11924,8,0,0,10,2,2,2
537,27,0,294,10,32,3,3,1,8793,4809,1,0,2,9,9,7,7
538,41,0,314,1,59,5,5,2,19189,19562,1,0,1,22,22,7,10
539,50,0,316,8,54,1,1,2,3875,9983,7,0,1,4,2,2,2
540,28,1,654,1,67,1,6,0,2216,3872,7,1,0,10,7,7,7
541,36,0,427,8,63,3,7,2,11713,20335,9,0,1,10,8,7,5
542,38,0,168,1,81,3,3,0,7861,15397,4,1,0,10,1,0,0
543,44,0,381,24,49,1,2,0,3708,2104,2,0,0,9,5,2,4
544,47,0,217,3,49,4,0,1,13770,10225,9,1,2,28,22,2,13
545,30,0,501,27,99,2,0,1,5304,25275,7,0,1,10,8,7,7
546,29,0,1396,10,99,1,1,0,2642,2755,1,0,0,1,1,0,0
547,42,1,933,19,57,1,6,1,2759,20366,6,1,0,7,2,2,2
548,43,0,775,15,47,2,0,2,6804,23683,3,0,1,7,2,2,2
549,34,0,970,8,96,2,4,0,6142,7360,3,0,0,10,5,1,3
550,23,0,650,9,37,1,2,2,2500,4344,1,0,1,5,4,3,2
551,39,0,141,3,44,2,8,2,6389,18767,9,0,1,12,8,3,6
552,56,0,832,9,81,4,4,2,11103,20420,7,0,0,30,10,7,1
553,40,0,804,2,86,1,6,0,2342,22929,0,1,0,5,4,2,3
554,27,0,975,7,55,2,4,0,6811,23398,8,0,0,9,7,6,7
555,29,0,1090,10,83,1,1,1,2297,17967,1,0,2,2,2,2,2
556,53,0,346,6,86,2,2,0,2450,10919,2,0,0,19,2,2,2
557,35,0,1225,2,61,2,4,1,5093,4761,2,0,1,16,1,0,0
558,32,0,430,24,80,2,2,2,5309,21146,1,0,2,10,10,8,7
559,38,0,268,2,92,1,6,2,3057,20471,6,1,1,6,1,0,1
560,34,0,167,8,32,2,3,1,5121,4187,3,0,1,7,0,0,0
561,52,0,621,3,31,4,5,2,16856,10084,1,0,0,34,34,6,16
562,33,1,527,1,63,1,6,0,2686,5207,1,1,0,10,10,9,8
563,25,0,883,26,32,2,0,0,6180,22807,1,0,0,6,6,5,4
564,45,0,954,2,46,2,1,0,6632,12388,0,0,0,9,8,7,1
565,23,0,310,10,79,1,6,0,3505,19630,1,0,0,2,2,2,2
566,47,1,719,27,77,2,0,0,6397,10339,4,1,0,8,5,4,3
567,34,0,304,2,60,2,0,0,6274,18686,1,0,0,6,6,5,4
568,55,1,725,2,78,5,5,2,19859,21199,5,1,1,24,5,2,4
569,36,0,1434,8,76,3,0,0,7587,14229,1,0,0,10,10,7,9
570,52,0,715,19,41,1,6,2,4258,26589,0,0,1,5,4,3,2
571,26,0,575,1,71,1,2,1,4364,5288,3,0,1,5,2,2,0
572,29,0,657,27,66,2,4,2,4335,25549,4,0,1,11,8,7,1
573,26,1,1146,8,38,2,0,0,5326,3064,6,0,0,6,4,3,2
574,34,0,182,1,72,1,6,0,3280,13551,2,0,0,10,4,2,3
575,54,0,376,19,95,2,3,1,5485,22670,9,1,2,9,5,3,4
576,27,0,829,8,84,2,0,2,4342,24008,0,0,1,5,4,2,1
577,37,0,571,10,82,1,6,1,2782,19905,0,1,2,6,5,3,3
578,38,0,240,2,75,2,3,0,5980,26085,6,1,0,17,15,7,12
579,34,0,121,2,86,1,6,0,4381,7530,1,0,0,6,6,5,3
580,35,0,384,8,72,1,1,2,2572,20317,1,0,1,3,3,2,2
581,30,0,921,1,38,1,2,2,3833,24375,3,0,2,7,2,2,2
582,40,0,791,2,38,2,4,2,4244,9931,1,0,1,8,8,7,7
583,34,0,1111,8,93,2,0,2,6500,13305,5,0,1,6,3,2,2
584,42,0,570,8,66,5,5,1,18430,16225,1,0,1,24,24,7,9
585,23,1,1243,6,63,1,2,2,1601,3445,1,1,2,1,0,0,0
586,24,0,1092,9,60,1,2,1,2694,26551,1,0,3,1,1,0,0
587,52,0,1325,11,82,2,2,2,3149,21821,8,0,1,9,5,2,4
588,50,0,691,2,64,4,7,2,17639,6881,5,0,0,30,4,3,3
589,29,1,805,1,36,1,2,2,2319,6689,1,1,1,1,1,0,0
590,33,0,213,7,49,3,7,2,11691,25995,0,0,0,14,13,9,7
591,33,1,118,16,69,2,0,0,5324,26507,5,0,0,6,3,2,2
592,47,0,202,2,33,4,5,2,16752,12982,1,1,1,26,26,14,0
593,36,0,676,1,35,2,3,2,5228,23361,0,0,1,10,9,7,5
594,29,0,1252,23,81,1,6,2,2700,23779,1,0,1,10,10,7,7
595,58,1,286,2,31,5,7,0,19246,25761,7,1,0,40,31,15,8
596,35,0,1258,1,40,1,6,0,2506,13301,3,0,0,7,2,2,2
597,42,0,932,1,43,2,3,2,6062,4051,9,1,1,8,4,3,2
598,28,1,890,2,46,1,6,0,4382,16374,6,0,0,5,2,2,1
599,36,0,1041,13,36,1,8,2,2143,25527,4,0,1,8,5,2,4
600,32,0,859,4,98,2,3,2,6162,19124,1,0,1,14,14,13,8
601,40,0,720,16,51,2,2,0,5094,11983,6,0,0,10,1,0,0
602,30,0,946,2,52,2,3,0,6877,20234,5,1,0,12,0,0,0
603,45,0,252,2,95,1,6,0,2274,6153,1,0,0,1,1,0,0
604,42,0,933,29,98,2,3,2,4434,11806,1,0,1,10,9,8,8
605,38,0,471,12,45,2,4,1,6288,4284,2,0,1,13,4,3,2
606,34,0,702,16,100,1,6,0,2553,8306,1,0,0,6,5,2,3
607,49,1,1184,11,43,3,0,2,7654,5860,1,0,2,9,9,8,7
608,55,1,436,2,37,2,0,0,5160,21519,4,0,0,12,9,7,3
609,43,0,589,14,94,4,7,2,17159,5200,6,0,1,22,4,1,0
610,27,0,269,5,42,3,7,1,12808,8842,1,1,1,9,9,8,8
611,35,0,950,7,59,3,3,0,10221,18869,3,0,0,17,8,5,6
612,28,0,760,2,81,2,0,2,4779,3698,1,1,0,8,8,7,5
613,34,0,829,3,88,1,8,2,3737,2243,0,0,1,4,3,2,2
614,26,1,887,5,88,1,6,2,2366,20898,1,1,1,8,8,7,7
615,27,0,443,3,50,1,6,2,1706,16571,1,0,3,0,0,0,0
616,51,0,1318,26,66,4,5,2,16307,5594,2,0,1,29,20,6,17
617,44,0,625,4,50,2,4,0,5933,5197,9,0,0,10,5,2,3
618,25,0,180,2,65,1,6,0,3424,21632,7,0,0,6,4,3,1
619,33,0,586,1,48,2,0,1,4037,21816,1,0,1,9,9,8,8
620,35,0,1343,27,53,1,6,0,2559,17852,1,0,0,6,6,5,1
621,36,0,928,1,56,2,0,2,6201,2823,1,1,1,18,18,14,11
622,32,0,117,13,73,2,0,1,4403,9250,2,0,1,8,5,2,3
623,30,0,1012,5,75,1,6,1,3761,2373,9,0,1,10,5,4,3
624,53,0,661,7,78,3,0,2,10934,20715,7,1,1,35,5,2,4
625,45,0,930,9,74,3,0,1,10761,19239,4,1,1,18,5,4,2
626,32,0,638,8,91,2,6,2,5175,22162,5,0,1,9,5,3,3
627,52,0,890,25,81,4,3,2,13826,19028,3,0,0,31,9,8,0
628,37,0,342,16,66,2,0,1,6334,24558,4,0,2,9,1,0,0
629,28,0,1169,8,63,1,8,1,4936,23965,1,0,1,6,5,1,4
630,22,0,1230,1,33,2,3,2,4775,19146,6,0,2,4,2,2,2
631,44,0,986,8,62,1,2,2,2818,5044,2,1,1,10,3,2,2
632,42,0,1271,2,35,1,6,0,2515,9068,5,1,0,8,2,1,2
633,36,0,1278,8,77,1,8,2,2342,8635,0,0,0,6,5,4,3
634,25,0,141,3,98,2,0,2,4194,14363,1,1,0,5,5,3,3
635,35,0,607,9,66,3,3,2,10685,23457,1,1,1,17,17,14,15
636,35,1,130,25,96,1,6,1,2022,16612,1,1,1,10,10,2,8
637,32,0,300,1,61,1,2,1,2314,9148,0,0,1,4,3,0,2
638,25,0,583,4,87,2,0,2,4256,18154,1,0,0,5,5,2,3
639,49,0,1418,1,36,1,6,2,3580,10554,2,0,1,7,4,2,2
640,24,0,1269,4,46,1,2,2,3162,10778,0,0,0,6,5,2,4
641,32,0,379,5,48,2,0,2,6524,8891,1,0,1,10,10,8,3
642,38,0,395,9,98,1,1,2,2899,12102,0,0,1,3,2,2,2
643,42,0,1265,3,95,2,2,2,5231,23726,2,1,1,17,5,3,3
644,31,0,1222,11,48,1,6,2,2356,14871,3,1,1,8,6,4,2
645,29,1,341,1,48,1,1,1,2800,23522,6,1,3,5,3,2,2
646,53,0,868,8,73,4,0,2,11836,22789,5,0,1,28,2,0,2
647,35,0,672,25,78,3,3,2,10903,9129,3,0,0,16,13,10,8
648,37,0,1231,21,54,1,1,2,2973,21222,5,0,1,10,5,4,0
649,53,0,102,23,72,4,7,0,14275,20206,6,0,0,33,12,9,8
650,43,0,422,1,33,2,4,2,5562,21782,4,0,1,12,5,2,2
651,47,0,249,2,35,2,0,2,4537,17783,0,1,1,8,7,6,7
652,37,0,1252,19,32,3,0,0,7642,4814,1,1,0,10,10,0,9
653,50,0,881,2,98,4,5,1,17924,4544,1,0,1,31,31,6,7
654,39,0,1383,2,42,2,8,2,5204,7790,8,0,2,13,5,4,4
655,33,0,1075,3,57,1,8,1,2277,22650,3,1,1,7,4,3,3
656,32,1,374,25,87,1,2,0,2795,18016,1,1,0,1,1,0,1
657,29,0,1086,7,62,1,2,1,2532,6054,6,0,3,8,4,3,3
658,44,0,661,9,61,1,6,2,2559,7508,1,1,0,8,8,7,1
659,28,0,821,5,98,2,0,0,4908,24252,1,0,0,4,4,2,2
660,58,1,781,2,57,1,2,1,2380,13384,9,1,1,3,1,0,0
661,43,0,177,8,55,2,3,1,4765,23814,4,0,1,4,1,0,0
662,20,1,500,2,49,1,1,0,2044,22052,1,0,0,2,2,2,2
663,21,1,1427,18,65,1,6,0,2693,8870,1,0,0,1,1,0,0
664,36,0,1425,14,68,2,4,2,6586,4821,0,1,1,17,16,8,11
665,47,0,1454,2,65,1,1,0,3294,13137,1,1,0,3,3,2,2
666,22,1,617,3,34,2,3,2,4171,10022,0,1,1,4,3,2,2
667,41,1,1085,2,57,1,2,1,2778,17725,4,1,1,10,7,7,0
668,28,0,995,9,77,1,6,1,2377,9834,5,0,1,6,2,2,2
669,39,1,1122,6,70,1,2,2,2404,4303,7,1,0,8,2,2,2
670,27,0,618,4,76,1,6,0,2318,17808,1,0,0,1,1,1,0
671,34,0,546,10,83,1,2,1,2008,6896,1,0,2,1,1,0,0
672,42,0,462,14,68,2,0,0,6244,7824,7,0,0,10,5,4,3
673,33,0,1198,1,100,1,6,0,2799,3339,3,1,0,6,3,2,2
674,58,0,1272,5,37,3,4,1,10552,9255,2,1,1,24,6,0,4
675,31,0,154,7,41,1,1,2,2329,11737,3,0,0,13,7,7,2
676,35,0,1137,21,51,2,4,2,4014,19170,1,1,1,10,10,6,7
677,49,0,527,8,51,3,2,2,7403,22477,4,0,1,29,26,9,7
678,48,0,1469,20,51,1,6,2,2259,5543,4,0,2,13,0,0,0
679,31,0,1188,20,45,2,0,2,6932,24406,1,0,1,9,9,8,0
680,36,0,188,7,65,1,6,0,4678,23293,2,0,0,8,6,2,1
681,38,0,1333,1,80,3,7,2,13582,16292,1,0,1,15,15,12,11
682,32,0,1184,1,70,1,2,2,2332,3974,6,0,0,5,3,0,2
683,25,1,867,19,36,1,1,2,2413,18798,1,1,3,1,1,0,0
684,40,0,658,10,67,3,0,1,9705,20652,2,0,1,11,1,0,0
685,26,0,1283,1,52,2,0,0,4294,11148,1,0,0,7,7,7,7
686,41,0,263,6,59,1,2,0,4721,3119,2,1,0,20,18,13,17
687,36,0,938,2,79,1,2,0,2519,12287,4,0,0,16,11,8,9
688,19,1,419,21,37,1,1,0,2121,9947,1,1,0,1,1,0,0
689,20,1,129,4,84,1,2,0,2973,13008,1,0,0,1,1,0,0
690,31,0,616,12,41,2,4,2,5855,17369,0,1,2,10,9,7,5
691,40,0,1469,9,35,1,6,1,3617,25063,8,1,1,3,1,1,0
692,32,0,498,3,93,2,3,2,6725,13554,1,0,1,8,8,7,3
693,36,1,530,3,51,3,0,2,10325,5518,1,1,1,16,16,7,7
694,33,0,1069,1,42,2,4,0,6949,12291,0,0,0,6,5,0,4
695,37,1,625,1,46,3,0,2,10609,14922,5,0,0,17,14,1,7
696,45,0,805,4,57,2,2,2,4447,23163,1,0,0,9,9,7,8
697,29,0,1404,20,84,1,1,2,2157,18203,1,0,1,3,3,1,2
698,35,0,1219,18,86,2,0,2,4601,6179,1,0,0,5,5,2,0
699,52,0,1053,1,70,4,5,2,17099,13829,2,0,1,26,9,8,8
700,58,1,289,2,51,1,6,0,2479,26227,4,0,0,7,1,0,0
701,53,0,1376,2,45,4,5,1,14852,13938,6,0,1,22,17,13,2
702,30,0,231,8,62,3,0,1,7264,9977,5,0,1,10,8,4,7
703,38,0,152,10,85,2,0,0,5666,19899,1,1,0,6,5,3,3
704,35,0,882,3,92,3,0,1,7823,6812,6,0,1,12,10,9,8
705,39,0,903,2,41,3,0,0,7880,2560,0,0,0,9,8,7,7
706,40,1,1479,24,100,4,0,0,13194,17071,4,1,0,22,1,0,0
707,47,0,1379,16,64,2,3,1,5067,6759,1,1,0,20,19,10,7
708,36,0,1229,8,84,2,0,1,5079,25952,4,0,2,12,7,7,7
709,31,1,335,9,46,1,6,0,2321,10322,0,1,0,4,3,2,2
710,33,0,722,17,38,4,5,0,17444,20489,1,0,0,10,10,8,0
711,29,1,906,10,92,1,6,0,2404,11479,6,1,0,3,0,0,0
712,33,0,461,13,53,1,6,0,3452,17241,3,0,0,5,3,2,2
713,45,0,974,1,91,1,2,1,2270,11005,3,0,2,8,5,3,2
714,50,0,1126,1,66,4,7,1,17399,6615,9,0,1,32,5,4,3
715,33,0,827,1,84,2,4,2,5488,20161,1,1,1,6,6,5,2
716,41,0,840,9,64,5,7,1,19419,3735,2,0,1,21,18,16,11
717,27,0,1134,16,37,1,2,2,2811,12086,9,0,1,4,2,2,2
718,45,0,248,23,42,2,2,2,3633,14039,1,1,1,9,9,8,8
719,47,0,955,4,83,2,0,0,4163,8571,1,1,0,9,9,0,7
720,30,1,138,22,48,1,6,2,2132,11539,4,1,0,7,5,2,1
721,50,0,939,24,95,4,3,2,13973,4161,3,1,1,22,12,11,5
722,38,0,1391,10,66,1,6,2,2684,12127,0,0,1,3,2,1,2
723,46,0,566,7,75,3,3,1,10845,24208,6,0,1,13,8,7,7
724,24,0,1206,17,41,2,3,1,4377,24117,1,0,2,5,4,2,2
725,35,1,622,14,39,1,2,1,3743,10074,1,1,1,5,4,2,2
726,31,0,853,1,96,2,3,2,4148,11275,1,0,1,4,4,3,3
727,18,0,287,5,73,1,6,0,1051,13493,1,0,0,0,0,0,0
728,54,0,1441,17,56,3,3,2,10739,13943,8,0,1,22,10,7,8
729,35,0,583,25,57,3,4,1,10388,6975,1,1,1,16,16,10,1
730,30,0,153,8,73,3,7,2,11416,17802,0,1,3,9,8,7,7
731,20,1,1097,11,98,1,6,0,2600,18275,1,1,0,1,1,0,0
732,30,1,109,5,60,1,2,0,2422,25725,0,0,0,4,3,2,2
733,26,0,1066,2,32,2,3,2,5472,3334,1,0,0,8,8,7,3
734,22,0,217,8,94,1,2,2,2451,6881,1,0,1,4,4,3,1
735,48,0,277,6,97,2,4,0,4240,13119,2,0,0,19,2,2,2
736,48,0,1355,4,78,3,4,0,10999,22245,7,0,0,27,15,11,8
737,41,0,549,7,42,2,3,0,5003,23371,6,0,0,8,2,2,1
738,39,0,466,1,65,4,3,2,12742,7060,1,0,1,21,21,6,8
739,27,0,1055,2,47,2,3,2,4227,4658,0,0,1,4,3,2,2
740,35,0,802,10,45,1,2,1,3917,9541,1,0,1,3,3,2,2
741,42,0,265,5,90,5,5,2,18303,7770,6,0,0,21,1,0,0
742,50,0,804,9,64,1,2,2,2380,20165,4,0,0,8,1,0,0
743,59,0,715,2,69,4,3,0,13726,21829,3,1,0,30,5,3,3
744,37,1,1141,11,61,2,4,2,4777,14382,5,0,0,15,1,0,0
745,55,0,135,18,62,2,4,2,6385,12992,3,1,2,17,8,7,7
746,41,0,247,7,55,5,7,1,19973,20284,1,0,2,21,21,16,10
747,38,0,1035,3,42,2,0,0,6861,4981,8,1,0,19,1,0,0
748,26,1,265,29,79,2,0,0,4969,21813,8,0,0,7,2,2,2
749,52,1,266,2,57,5,5,2,19845,25846,1,0,1,33,32,14,9
750,44,0,1448,28,53,4,0,2,13320,11737,3,1,1,23,12,11,11
751,50,0,145,1,95,2,0,2,6347,24920,0,0,1,19,18,7,13
752,36,1,885,16,43,1,2,0,2743,8269,1,0,0,18,17,13,14
753,39,0,945,22,82,3,3,0,10880,5083,1,1,0,21,21,6,8
754,33,0,1038,8,88,1,1,0,2342,21437,0,0,0,3,2,2,2
755,45,0,1234,11,90,4,5,2,17650,5404,3,0,1,26,9,3,1
756,32,0,1109,29,69,1,2,0,4025,11135,9,0,0,10,8,7,7
757,34,0,216,1,75,2,0,1,9725,12278,0,0,1,16,15,1,9
758,59,0,1089,1,66,3,5,2,11904,11038,3,1,1,14,6,4,4
759,45,0,788,24,36,1,8,0,2177,8318,1,0,0,6,6,3,4
760,53,0,124,2,38,3,0,2,7525,23537,2,0,1,30,15,7,12
761,36,1,660,15,81,2,2,1,4834,7858,7,0,1,9,1,0,0
762,26,1,342,2,57,1,6,2,2042,15346,6,1,1,6,3,2,2
763,34,0,1333,10,87,1,1,2,2220,18410,1,1,1,1,1,1,0
764,28,0,1144,10,74,1,1,2,1052,23384,1,0,0,1,1,0,0
765,38,0,1186,3,44,1,6,2,2821,2997,3,0,1,8,2,2,2
766,50,0,1464,2,62,5,7,2,19237,12853,2,1,1,29,8,1,7
767,37,0,124,3,35,2,4,0,4107,13848,3,0,0,8,4,3,1
768,40,0,300,26,74,2,0,2,8396,22217,1,0,1,8,7,7,5
769,26,0,921,1,66,1,6,1,2007,25265,1,0,2,5,5,3,3
770,46,0,430,1,40,5,7,1,19627,21445,9,0,2,23,2,2,2
771,54,0,1082,2,41,3,0,2,10686,8392,6,0,1,13,9,4,0
772,56,0,1240,9,63,1,6,2,2942,12154,2,0,1,18,5,4,3
773,36,0,796,12,51,3,3,0,8858,15669,0,0,0,15,14,8,8
774,55,0,444,2,40,4,5,0,16756,17323,7,0,0,31,9,7,2
775,43,0,415,25,79,3,0,1,10798,5268,5,0,1,18,1,0,0
776,20,1,769,9,54,1,1,0,2323,17205,1,1,0,2,2,2,2
777,21,1,1334,10,36,1,2,0,1416,17258,1,0,0,1,1,0,0
778,46,0,1003,8,74,2,6,1,4615,21029,8,1,3,19,16,13,7
779,51,1,1323,4,34,1,6,2,2461,10332,9,1,3,18,10,0,7
780,28,1,1366,24,72,3,4,0,8722,12355,1,0,0,10,10,7,9
781,26,0,192,1,59,1,2,2,3955,11141,1,0,2,6,5,3,3
782,30,0,1176,20,85,2,3,2,9957,9096,0,0,1,7,6,2,2
783,41,0,509,7,43,1,6,2,3376,18863,1,0,0,10,10,6,8
784,38,0,330,17,65,3,4,2,8823,24608,0,0,1,20,19,9,9
785,40,0,1492,20,61,3,4,2,10322,26542,4,0,1,14,11,10,1
786,27,0,1277,8,87,1,2,2,4621,5869,1,0,3,3,3,2,2
787,55,0,1091,2,65,3,3,2,10976,15813,3,0,1,23,3,2,2
788,28,0,857,10,59,2,6,0,3660,7909,3,0,0,10,8,7,7
789,44,1,1376,1,91,3,8,2,10482,2326,9,0,1,24,20,6,6
790,33,0,654,5,34,3,4,1,7119,21214,4,0,1,9,3,2,2
791,35,1,1204,4,86,3,0,0,9582,10333,0,1,0,9,8,7,7
792,33,1,827,29,54,2,6,0,4508,3129,1,0,0,14,13,7,8
793,28,0,895,15,50,1,2,1,2207,22482,1,0,1,4,4,2,2
794,34,0,618,3,45,2,4,0,7756,22266,0,0,0,7,6,2,4
795,37,0,309,10,88,2,0,1,6694,24223,2,1,3,8,1,0,0
796,25,1,1219,4,32,1,2,2,3691,4605,1,1,1,7,7,7,6
797,26,1,1330,21,37,1,2,1,2377,19373,1,0,1,1,1,1,0
798,33,1,1017,25,55,1,6,0,2313,2993,4,1,0,5,2,2,2
799,42,0,469,2,35,4,5,2,17665,14399,0,0,1,23,22,6,7
800,28,1,1009,1,45,1,2,1,2596,7160,1,0,2,1,1,0,0
801,50,1,959,1,81,2,0,0,4728,17251,3,1,0,5,0,0,0
802,33,0,970,7,30,2,0,2,4302,13401,0,0,1,4,3,2,2
803,34,0,697,3,40,1,6,2,2979,22478,3,0,3,6,0,0,0
804,48,0,1262,1,35,4,5,0,16885,16154,2,0,0,27,5,4,1
805,45,0,1050,9,65,2,0,2,5593,17970,1,0,1,15,15,10,12
806,52,0,994,7,87,3,4,0,10445,15322,7,0,0,18,8,6,0
807,38,0,770,10,73,3,0,1,8740,5569,0,1,2,9,8,7,7
808,29,0,1107,28,93,1,6,1,2514,26968,4,0,1,11,7,5,7
809,28,0,950,3,93,3,3,1,7655,8039,0,0,3,10,9,7,7
810,46,0,406,3,52,4,5,2,17465,15596,3,0,1,23,12,9,9
811,38,0,130,2,32,3,0,0,7351,20619,7,0,0,10,1,0,0
812,43,0,1082,27,83,3,3,2,10820,11535,8,0,1,18,8,7,1
813,39,1,203,2,84,4,4,1,12169,13547,7,0,3,21,18,7,5
814,40,0,1308,14,44,5,7,0,19626,17544,1,0,0,21,20,7,9
815,21,0,984,1,70,1,6,0,2070,25326,1,1,0,2,2,2,2
816,39,0,439,9,70,2,2,0,6782,8770,9,0,0,9,5,4,3
817,36,0,217,18,78,2,3,0,7779,23238,2,0,0,18,11,9,9
818,31,0,793,20,67,1,1,2,2791,21981,0,0,1,3,2,2,2
819,28,0,1451,2,67,1,6,2,3201,19911,0,0,0,6,5,3,4
820,35,0,1182,11,54,2,0,1,4968,18500,1,0,1,5,5,2,2
821,49,0,174,8,56,4,0,2,13120,11879,6,0,1,22,9,8,3
822,34,0,1003,2,95,2,3,0,4033,15834,2,0,0,5,3,2,2
823,29,0,490,10,61,1,6,1,3291,17940,0,0,2,8,7,5,1
824,42,0,188,29,56,2,2,0,4272,9558,4,0,0,16,1,0,0
825,29,0,718,8,79,2,3,2,5056,17689,1,1,1,10,10,7,2
826,38,0,433,1,37,1,8,2,2844,6004,1,0,1,7,7,6,0
827,28,0,773,6,39,1,6,1,2703,22088,1,1,1,3,3,1,2
828,18,1,247,8,80,1,2,0,1904,13556,1,0,0,0,0,0,0
829,33,1,603,9,77,2,0,0,8224,18385,0,1,0,6,5,2,3
830,41,0,167,12,46,1,2,2,4766,9051,3,1,1,6,1,0,0
831,31,1,874,15,72,1,2,2,2610,6233,1,0,1,2,2,2,2
832,37,0,367,25,52,2,4,1,5731,17171,7,0,2,9,6,2,3
833,27,0,199,6,55,1,6,2,2539,7950,1,0,1,4,4,2,2
834,34,0,1400,9,70,2,0,2,5714,5829,1,0,0,6,6,5,3
835,35,0,528,8,100,1,8,0,4323,7108,1,0,0,6,5,4,4
836,29,1,408,23,45,3,0,2,7336,11162,1,0,1,11,11,8,10
837,40,0,593,9,88,3,7,0,13499,13782,9,0,0,20,18,7,13
838,42,1,481,12,44,4,0,0,13758,2447,0,1,0,22,21,9,14
839,42,0,647,4,45,2,0,0,5155,2253,7,0,0,9,6,4,5
840,35,0,982,1,58,1,2,2,2258,16340,6,0,1,10,8,0,7
841,24,0,477,24,49,1,2,0,3597,6409,8,0,0,6,4,3,2
842,28,1,1485,12,79,1,2,2,2515,22955,1,1,0,1,1,1,0
843,26,0,1384,3,82,1,2,2,4420,13421,1,0,1,8,8,7,7
844,30,0,852,10,72,2,0,2,6578,2706,1,0,1,10,10,3,4
845,40,0,902,26,92,2,6,2,4422,21203,3,1,1,16,1,1,0
846,35,0,819,2,44,3,3,1,10274,19588,2,0,1,15,7,7,4
847,34,0,669,1,97,2,4,0,5343,25755,0,0,0,14,13,9,9
848,35,0,636,4,47,1,2,2,2376,26537,1,0,1,2,2,2,2
849,43,1,1372,9,85,2,0,0,5346,9489,8,0,0,7,4,3,3
850,32,0,862,2,76,1,1,1,2827,14947,1,0,3,1,1,0,0
851,56,0,718,4,92,5,5,1,19943,18575,4,0,1,28,5,2,2
852,29,0,1401,6,54,1,2,2,3131,26342,1,0,1,10,10,8,8
853,19,0,645,9,54,1,6,0,2552,7172,1,0,0,1,1,1,0
854,45,0,1457,7,83,1,6,2,4477,20100,4,1,1,7,3,2,2
855,37,0,977,1,56,2,3,2,6474,9961,1,0,1,14,14,8,11
856,20,0,805,3,87,1,2,0,3033,12828,1,0,0,2,2,2,2
857,44,1,1097,10,96,1,6,0,2936,10826,1,1,0,6,6,4,2
858,53,0,1223,7,50,5,5,1,18606,18640,3,0,1,26,7,7,7
859,29,0,942,15,69,1,6,2,2168,26933,0,1,1,6,5,4,3
860,22,1,1256,3,48,1,6,2,2853,4223,0,1,1,1,0,0,0
861,46,0,1402,2,69,4,5,2,17048,24097,8,0,0,28,26,15,9
862,44,0,111,17,74,1,6,0,2290,4279,2,0,0,6,0,0,0
863,33,0,147,2,99,1,8,2,3600,8429,1,0,1,5,5,4,4
864,41,1,906,5,95,1,6,1,2107,20293,6,0,1,5,1,0,0
865,30,0,1329,29,61,2,0,1,4115,13192,8,0,3,8,4,3,3
866,40,0,1184,2,62,2,0,2,4327,25440,5,0,3,5,0,0,0
867,50,0,1421,2,30,4,5,2,17856,9490,2,0,1,32,2,2,2
868,28,0,1179,19,78,1,2,2,3196,12449,1,0,3,6,6,5,3
869,46,0,1450,15,52,5,7,2,19081,10849,5,0,1,25,4,2,3
870,35,0,1361,17,94,2,0,2,8966,21026,3,1,3,15,7,7,7
871,24,1,984,17,97,1,2,2,2210,3372,1,0,1,1,1,0,0
872,33,0,1146,25,82,2,0,2,4539,4905,1,0,1,10,10,7,1
873,36,0,917,6,60,1,2,1,2741,6865,1,0,1,7,7,7,7
874,30,0,853,7,49,2,2,1,3491,11309,1,0,3,10,10,7,9
875,44,0,200,29,32,2,6,0,4541,7744,1,0,0,20,20,11,17
876,20,0,654,21,43,1,1,0,2678,5050,1,0,0,2,2,1,2
877,46,0,150,2,60,2,3,1,7379,17433,2,0,1,12,6,3,4
878,42,0,179,2,79,2,8,2,6272,12858,7,0,1,10,4,3,3
879,60,0,696,7,52,2,0,1,5220,10893,0,1,1,12,11,7,9
880,32,0,116,13,77,1,2,2,2743,7331,1,0,1,2,2,2,2
881,32,0,1316,2,38,2,6,0,4998,2338,4,1,0,10,8,7,7
882,36,0,363,1,77,3,3,1,10252,4235,2,1,1,17,7,7,7
883,33,0,117,9,60,1,6,2,2781,6311,0,0,1,15,14,10,10
884,40,0,107,10,84,2,0,1,6852,11591,7,0,1,7,5,1,3
885,25,0,1356,10,57,2,0,0,4950,20623,0,0,0,5,4,3,1
886,30,0,1465,1,63,1,6,2,3579,9369,0,1,1,12,11,9,7
887,42,0,458,26,60,3,7,2,13191,23281,3,1,0,20,1,0,0
888,35,0,1212,8,78,3,0,2,10377,13755,4,1,1,16,13,2,12
889,27,0,1103,14,42,1,6,2,2235,14377,1,1,2,9,9,7,8
890,54,0,966,1,53,3,3,1,10502,9659,7,0,1,33,5,4,4
891,44,0,1117,2,72,1,6,2,2011,19982,1,0,1,10,10,5,7
892,19,1,504,10,96,1,6,0,1859,6148,1,1,0,1,1,1,0
893,29,0,1010,1,97,1,6,1,3760,5598,1,0,3,3,3,2,2
894,54,0,685,3,85,4,7,2,17779,23474,3,0,0,36,10,9,9
895,31,0,1332,11,80,2,4,2,6833,17089,1,1,0,6,6,5,1
896,31,0,1062,24,96,2,4,0,6812,17198,1,0,0,10,10,9,8
897,59,0,326,3,48,2,0,0,5171,16490,5,0,0,13,6,1,5
898,43,0,920,3,96,5,7,2,19740,18625,3,0,1,25,8,7,7
899,49,0,1098,4,85,5,5,2,18711,12124,2,0,1,23,1,0,0
900,36,0,469,3,46,1,6,2,3692,9256,1,0,0,12,11,10,7
901,48,0,969,2,76,1,2,0,2559,16620,5,0,0,7,1,0,0
902,27,0,1167,4,76,1,6,1,2517,3208,1,0,3,5,5,3,3
903,29,0,1329,7,82,2,4,1,6623,4204,1,1,2,6,6,0,0
904,48,0,715,1,76,5,7,0,18265,8733,6,0,0,25,1,0,0
905,29,0,694,1,87,4,7,1,16124,3423,3,0,2,9,7,7,7
906,34,0,1320,20,89,1,6,2,2585,21643,0,0,0,2,1,0,0
907,44,0,1099,5,88,5,5,2,18213,8751,7,0,1,26,22,9,10
908,33,0,536,10,82,3,0,1,8380,21708,0,1,2,10,9,8,8
909,19,0,265,25,57,1,6,0,2994,21221,1,1,0,1,1,0,1
910,23,0,373,1,47,1,6,2,1223,16901,1,0,1,1,1,0,1
911,25,1,599,24,73,1,1,0,1118,8040,1,1,0,1,1,0,0
912,26,0,583,4,53,1,6,0,2875,9973,1,1,0,8,8,5,2
913,45,1,1449,2,94,5,5,0,18824,2493,2,1,0,26,24,10,11
914,55,0,177,8,37,4,4,1,13577,25592,1,1,1,34,33,9,0
915,21,1,251,10,45,1,2,0,2625,25308,1,0,0,2,2,2,2
916,46,0,168,4,33,5,5,2,18789,9946,2,0,1,26,11,4,8
917,34,0,131,2,86,2,0,0,4538,6039,0,1,0,4,3,2,2
918,51,0,237,9,83,5,5,1,19847,19196,4,1,1,31,29,10,10
919,59,0,1429,18,67,3,3,0,10512,20002,6,0,0,25,9,7,4
920,34,0,135,19,46,2,2,1,4444,22534,4,0,2,15,11,8,10
921,28,0,791,1,44,1,2,0,2154,6842,0,1,0,5,4,2,2
922,44,0,1199,4,92,5,5,1,19190,17477,1,0,2,26,25,9,13
923,34,0,648,11,56,2,8,2,4490,21833,4,0,2,14,10,9,8
924,35,0,735,6,66,1,6,2,3506,6020,0,1,0,4,3,2,2
925,42,0,603,7,78,2,6,2,2372,5628,6,1,0,18,1,0,0
926,43,0,531,4,56,3,0,0,10231,20364,3,0,0,23,21,7,17
927,36,0,429,2,53,2,3,0,5410,2323,9,1,0,18,16,14,12
928,44,1,621,15,73,3,4,2,7978,14075,1,0,1,10,10,7,5
929,28,0,193,2,52,1,2,2,3867,14222,1,1,1,2,2,2,2
930,51,0,968,6,40,1,2,0,2838,4257,0,0,0,8,7,0,7
931,30,0,879,9,72,2,3,0,4695,12858,7,1,0,10,8,4,7
932,29,1,806,7,39,1,2,1,3339,17285,3,1,2,10,7,7,7
933,28,0,640,1,84,1,6,0,2080,4732,2,0,0,5,3,2,2
934,25,0,266,1,40,1,6,0,2096,18830,1,0,0,2,2,2,1
935,32,0,604,8,56,2,0,2,6209,11693,1,0,2,10,10,7,8
936,45,0,364,25,83,5,5,0,18061,13035,3,0,0,22,0,0,0
937,39,0,412,13,94,4,5,1,17123,17334,6,1,2,21,19,9,2
938,58,0,848,23,88,1,6,1,2372,26076,1,0,2,2,2,2,2
939,32,1,1089,7,79,2,2,2,4883,22845,1,0,1,10,10,4,1
940,39,1,360,23,93,1,6,0,3904,22154,0,0,0,6,5,2,3
941,30,0,1138,6,48,2,2,2,4627,23631,0,0,1,10,9,2,7
942,36,0,325,10,63,3,4,2,7094,5747,3,0,0,10,7,7,7
943,46,0,991,1,44,1,8,0,3423,22957,6,0,0,10,7,6,7
944,28,0,1476,1,55,2,2,2,6674,16392,0,0,3,10,9,8,5
945,50,0,1322,28,43,4,7,2,16880,22422,4,1,0,25,3,2,2
946,40,1,299,25,57,3,0,0,9094,17235,2,1,0,9,5,4,0
947,52,1,1030,5,64,3,0,0,8446,21534,9,1,0,10,8,7,7
948,30,0,634,17,95,3,5,2,11916,25927,1,1,2,9,9,1,8
949,39,0,524,18,32,2,3,0,4534,13352,0,0,0,9,8,7,7
950,31,0,587,2,57,3,0,1,9852,8935,1,1,1,10,10,8,6
951,41,0,256,10,40,2,0,0,6151,22074,1,0,0,19,19,2,9
952,31,1,1060,1,54,1,1,0,2302,8319,1,1,0,3,3,2,2
953,44,1,935,3,89,1,2,2,2362,14669,4,0,0,10,3,2,2
954,42,0,495,2,37,4,5,2,17861,26582,0,1,0,21,20,8,10
955,55,0,282,2,58,5,5,2,19187,6992,4,0,1,23,19,9,11
956,56,0,206,8,99,5,5,0,19717,4022,6,0,0,36,7,3,7
957,40,0,458,16,74,1,6,1,3544,8532,9,0,1,6,4,2,0
958,34,0,943,9,86,3,4,1,8500,5494,0,0,1,10,9,7,6
959,40,0,523,2,98,2,6,0,4661,22455,1,0,0,9,9,8,8
960,41,0,1018,1,66,2,0,1,4103,4297,0,0,1,10,9,3,7
961,35,0,482,4,87,2,6,0,4249,2690,1,1,0,9,9,6,1
962,51,0,770,5,84,4,5,1,14026,17588,1,1,1,33,33,9,10
963,38,0,1009,2,31,2,0,1,6893,19461,3,0,1,11,7,7,7
964,34,0,507,15,66,2,0,0,6125,23553,1,0,0,10,10,8,6
965,25,0,882,19,67,1,2,2,3669,9075,3,0,3,7,3,2,2
966,58,1,601,7,53,3,3,2,10008,12023,7,1,0,31,10,9,9
967,40,0,329,1,88,1,2,2,2387,6762,3,0,1,7,4,2,3
968,36,0,607,7,83,2,0,2,4639,2261,2,0,1,17,15,7,13
969,48,0,855,4,54,3,3,0,7898,18706,1,0,0,11,10,9,8
970,27,0,1291,11,98,1,1,2,2534,6527,8,0,1,5,1,0,0
971,51,0,1405,11,82,4,3,0,13142,24439,3,0,0,29,5,2,3
972,18,0,1124,1,97,1,2,0,1611,19305,1,0,0,0,0,0,0
973,35,0,817,1,60,2,2,2,5363,10846,0,0,1,10,9,7,0
974,27,0,793,2,43,2,0,0,5071,20392,3,0,0,8,6,2,0
975,55,1,267,13,85,4,0,0,13695,9277,6,1,0,24,19,7,8
976,56,0,1369,23,68,4,3,2,13402,18235,4,1,1,33,19,16,9
977,34,0,999,26,92,1,6,1,2029,15891,1,0,3,5,5,4,0
978,40,0,1202,2,89,2,4,1,6377,13888,5,0,3,15,12,11,8
979,34,0,285,29,86,2,2,2,5429,17491,4,0,2,10,8,7,7
980,31,1,703,2,90,1,1,0,2785,11882,7,0,0,3,1,0,0
981,35,1,662,18,67,2,0,2,4614,23288,0,1,1,5,4,2,2
982,38,0,693,7,57,1,6,1,2610,15748,1,0,3,4,4,2,3
983,34,0,404,2,98,2,4,0,6687,6163,1,0,0,14,14,11,11
984,28,0,736,26,48,2,0,2,4724,24232,1,0,1,5,5,3,4
985,31,1,330,22,98,2,3,2,6179,21057,1,1,2,10,10,2,7
986,39,0,1498,21,44,2,0,2,6120,3567,3,1,2,8,5,4,4
987,51,0,541,2,52,3,0,2,10596,15395,2,0,0,14,4,2,2
988,41,0,1200,22,75,2,6,1,5467,13953,3,1,2,12,6,2,3
989,37,0,1439,4,54,1,6,2,2996,5182,7,1,0,8,6,4,3
990,33,0,1111,5,61,2,0,2,9998,19293,6,0,0,8,5,4,2
991,32,0,499,2,36,2,0,2,4078,20497,0,1,3,4,3,2,2
992,39,0,1485,25,71,3,4,2,10920,3449,3,0,1,13,6,4,5
993,25,0,1372,18,93,2,0,2,6232,12477,2,0,0,6,3,2,2
994,52,0,322,28,59,4,3,2,13247,9731,2,1,1,24,5,3,2
995,43,0,930,6,73,2,6,0,4081,20003,1,1,0,20,20,7,8
996,27,0,205,10,98,2,0,2,5769,7100,1,1,0,6,6,2,4
997,27,1,135,17,51,1,6,0,2394,25681,1,1,0,8,8,2,7
998,26,0,683,2,36,1,6,0,3904,4050,0,0,0,5,4,3,1
999,42,0,1147,10,31,4,5,2,16799,16616,0,0,1,21,20,7,9
1000,52,0,258,8,54,1,2,2,2950,17363,9,0,0,12,5,4,4
1001,37,0,1462,11,94,1,2,0,3629,19106,4,0,0,8,3,2,2
1002,35,0,200,18,60,3,3,0,9362,19944,2,0,0,10,2,2,2
1003,25,0,949,1,81,1,2,2,3229,4910,4,0,1,7,3,2,2
1004,26,0,652,7,100,1,2,0,3578,23577,0,0,0,8,7,7,7
1005,29,0,332,17,51,3,8,0,7988,9769,1,0,0,10,10,9,9
1006,49,1,1475,28,97,2,2,0,4284,22710,3,0,0,20,4,3,3
1007,29,1,337,14,84,3,4,0,7553,22930,0,1,0,9,8,7,7
1008,54,0,971,1,54,4,7,0,17328,5652,6,0,0,29,20,7,7
1009,58,0,1055,1,76,5,7,2,19701,22456,3,1,1,32,9,8,5
1010,55,0,1136,1,81,4,7,1,14732,12414,2,0,2,31,7,7,0
1011,36,0,1174,3,99,2,0,0,9278,20763,3,1,0,15,5,4,1
1012,31,1,667,1,50,1,1,0,1359,16154,1,0,0,1,1,0,0
1013,30,0,855,7,73,2,0,1,4779,12761,7,0,2,8,3,2,2
1014,31,0,182,8,93,4,7,0,16422,8847,3,0,0,9,3,2,0
1015,34,0,560,1,91,1,6,1,2996,20284,5,0,2,10,4,3,3
1016,31,1,202,8,34,1,6,0,1261,22262,1,0,0,1,1,0,0
1017,27,0,1377,11,91,1,2,2,2099,7679,0,0,0,6,5,0,4
1018,36,0,172,4,37,2,2,0,5810,22604,1,0,0,10,10,4,8
1019,36,0,329,16,98,2,0,2,5647,13494,4,0,2,11,3,2,2
1020,47,0,465,1,74,1,6,2,3420,10205,7,0,1,17,6,5,2
1021,25,1,383,9,68,1,1,2,4400,15182,3,0,0,6,3,2,2
1022,37,0,1413,5,84,1,2,0,3500,25470,0,0,0,7,6,5,3
1023,56,0,1255,1,90,1,6,2,2066,10494,2,0,1,5,3,2,0
1024,47,0,359,2,82,4,7,2,17169,26703,3,0,2,26,20,17,6
1025,24,0,1476,4,42,2,0,2,4162,15211,1,1,2,5,5,4,3
1026,32,0,601,7,97,2,0,2,9204,23343,4,0,1,7,4,3,3
1027,34,0,401,1,86,1,2,2,3294,3708,5,0,1,7,5,4,2
1028,41,0,1283,5,90,1,6,2,2127,5561,2,1,0,7,4,2,3
1029,40,0,663,9,81,2,2,1,3975,23099,3,0,2,11,8,7,7
1030,31,0,326,8,31,3,0,1,10793,8386,1,0,1,13,13,7,9
1031,46,1,377,9,52,3,0,1,10096,15986,4,0,1,28,7,7,3
1032,39,1,592,2,54,1,2,0,3646,17181,2,1,0,11,1,0,0
1033,31,1,1445,1,100,3,3,0,7446,8931,1,0,0,10,10,8,7
1034,45,0,1038,20,95,3,4,1,10851,19863,2,1,1,24,7,7,7
1035,31,0,1398,8,96,1,8,0,2109,24609,9,0,0,8,3,2,2
1036,31,1,523,2,94,1,2,2,3722,21081,6,1,1,7,2,2,2
1037,45,0,1448,29,55,3,3,2,9380,14720,4,1,2,10,3,1,2
1038,48,0,1221,7,96,2,0,1,5486,24795,4,0,3,15,2,2,2
1039,34,1,1107,9,52,1,8,2,2742,3072,1,0,0,2,2,2,2
1040,40,0,218,8,55,3,7,1,13757,25178,2,0,1,16,9,8,8
1041,28,0,866,5,84,2,0,0,8463,23490,0,0,0,6,5,4,3
1042,44,0,981,5,90,1,2,0,3162,7973,3,0,0,7,5,2,3
1043,53,0,447,2,39,4,7,0,16598,19764,4,0,0,35,9,8,8
1044,49,0,1495,5,96,2,4,2,6651,21534,2,0,1,20,3,2,2
1045,40,0,896,2,68,1,6,1,2345,8045,2,0,1,8,3,1,2
1046,44,0,1467,20,49,1,6,0,3420,21158,1,0,0,6,5,2,3
1047,33,0,430,7,54,2,0,2,4373,17456,0,0,2,5,4,3,3
1048,34,0,1326,3,81,2,0,0,4759,15891,3,0,0,15,13,9,12
1049,30,0,1358,16,96,2,0,2,5301,2939,8,0,2,4,2,1,2
1050,42,0,748,9,74,1,2,0,3673,16458,1,0,0,12,12,9,8
1051,44,0,383,1,79,2,0,2,4768,9282,7,0,1,11,1,0,0
1052,30,0,990,7,64,1,6,1,1274,7152,1,0,2,1,1,0,0
1053,57,0,405,1,93,2,6,2,4900,2721,0,0,1,13,12,9,8
1054,49,0,1490,7,35,3,4,1,10466,20948,3,0,2,29,8,7,7
1055,34,0,829,15,71,4,7,1,17007,11929,7,0,2,16,14,8,9
1056,28,1,1496,1,92,1,1,2,2909,15747,3,0,1,5,3,2,2
1057,29,1,115,13,51,2,0,0,5765,17485,5,0,0,7,5,3,0
1058,34,1,790,24,40,2,0,0,4599,7815,0,1,0,16,15,9,10
1059,35,0,660,7,76,1,1,2,2404,16192,1,0,1,1,1,0,0
1060,24,1,381,9,89,1,2,0,3172,16998,2,1,0,4,0,0,0
1061,24,0,830,13,78,1,1,2,2033,7103,1,0,1,1,1,0,0
1062,44,0,1193,2,86,3,3,0,10209,19719,5,1,0,16,2,2,2
1063,29,0,1246,19,77,2,0,1,8620,23757,1,0,2,10,10,7,4
1064,30,0,330,1,46,1,8,1,2064,15428,0,0,1,6,5,3,3
1065,55,0,1229,4,30,2,4,2,4035,16143,0,1,0,4,3,2,2
1066,33,0,1099,4,82,1,2,2,3838,8192,8,0,0,8,5,4,2
1067,47,0,571,14,78,2,0,2,4591,24200,3,1,1,11,5,4,2
1068,28,1,289,2,38,1,2,0,2561,5355,7,0,0,8,0,0,0
1069,28,0,1423,1,72,1,6,1,1563,12530,1,0,1,1,1,0,0
1070,28,0,467,7,55,2,0,0,4898,11827,0,0,0,5,4,2,3
1071,49,0,271,3,43,2,2,2,4789,23070,4,0,1,10,3,2,2
1072,29,0,410,2,97,1,2,2,3180,4668,0,0,3,4,3,2,2
1073,28,0,1083,29,96,2,3,2,6549,3173,1,0,2,8,8,6,7
1074,33,0,516,8,69,2,4,0,6388,22049,2,1,0,14,0,0,0
1075,32,0,495,10,64,3,5,0,11244,21072,2,0,0,10,5,2,0
1076,54,0,1050,11,87,4,5,1,16032,24456,3,0,1,26,14,9,12
1077,29,1,224,1,100,1,6,0,2362,7568,6,0,0,11,9,7,7
1078,44,0,136,28,32,4,7,2,16328,22074,3,0,1,24,20,6,17
1079,39,0,1089,6,32,3,3,0,8376,9150,4,0,0,9,2,0,2
1080,46,0,228,3,51,4,5,2,16606,11380,8,0,1,23,13,12,1
1081,35,0,1029,16,91,3,4,0,8606,21195,1,0,0,11,11,8,3
1082,23,0,507,20,97,2,2,0,2272,24812,0,0,0,5,4,3,2
1083,40,1,676,9,86,1,2,0,2018,21831,3,0,0,15,5,4,0
1084,34,0,971,1,64,3,0,2,7083,12288,1,1,0,10,10,9,6
1085,31,1,561,3,33,1,6,0,4084,4156,1,0,0,7,7,2,7
1086,50,0,333,22,88,4,7,0,14411,24450,1,1,0,32,32,6,9
1087,34,0,1440,7,55,1,1,2,2308,4944,0,1,1,12,11,10,7
1088,42,0,1210,2,68,1,2,2,4841,24052,4,0,1,4,1,0,0
1089,37,0,674,13,47,2,6,2,4285,3031,1,0,0,10,10,8,7
1090,29,0,441,8,39,2,4,2,9715,7288,3,0,1,9,7,7,7
1091,33,0,575,25,44,2,3,0,4320,24152,1,0,0,5,5,3,2
1092,45,0,950,28,97,1,6,2,2132,4585,4,0,1,8,5,4,3
1093,42,0,288,2,40,3,4,2,10124,18611,2,1,1,24,20,8,9
1094,40,0,1342,9,47,2,0,2,5473,19345,0,0,0,9,8,4,1
1095,33,0,589,28,79,2,2,2,5207,22949,1,1,1,15,15,14,7
1096,40,0,898,6,38,4,5,0,16437,17381,1,1,0,21,21,7,7
1097,24,0,350,21,57,1,2,1,2296,10036,0,0,3,2,1,1,0
1098,40,0,1142,8,72,2,4,1,4069,8841,3,1,0,8,2,2,2
1099,45,0,538,1,66,3,4,1,7441,20933,1,0,3,10,10,8,7
1100,35,0,1402,28,98,1,1,2,2430,26204,0,0,2,6,5,3,2
1101,32,0,824,5,67,2,6,2,5878,15624,3,0,1,12,7,1,5
1102,36,0,1157,2,70,1,1,0,2644,17001,3,1,0,7,3,2,2
1103,48,0,492,16,96,2,0,1,6439,13693,8,0,1,18,8,7,7
1104,29,0,598,9,91,1,6,2,2451,22376,6,0,2,5,1,0,0
1105,33,0,1242,8,46,2,0,2,6392,10589,2,0,1,8,2,2,2
1106,30,1,740,1,64,2,0,2,9714,5323,1,0,1,10,10,8,7
1107,38,0,888,10,71,2,8,2,6077,14814,3,0,0,10,6,3,2
1108,35,0,992,1,68,1,2,0,2450,21731,1,0,0,3,3,0,2
1109,30,0,1288,29,33,3,0,2,9250,17799,3,0,1,9,4,2,3
1110,35,1,104,2,69,1,2,1,2074,26619,1,1,1,1,1,0,0
1111,53,1,607,2,78,3,3,2,10169,14618,0,0,1,34,33,7,9
1112,38,1,903,2,81,2,3,2,4855,7653,4,0,2,7,5,2,4
1113,32,0,1200,1,62,2,6,2,4087,25174,4,0,1,9,6,5,2
1114,48,0,1108,15,65,1,6,2,2367,16530,8,0,1,10,8,2,6
1115,34,0,479,7,35,1,6,0,2972,22061,1,0,0,1,1,0,0
1116,55,0,685,26,60,5,5,2,19586,23037,1,0,1,36,36,6,13
1117,34,0,1351,1,45,2,6,2,5484,13008,9,0,1,9,2,2,1
1118,26,0,474,3,89,1,6,2,2061,11133,1,0,0,1,1,0,0
1119,38,0,1245,14,80,2,0,2,9924,12355,0,0,1,10,9,8,7
1120,38,0,437,16,90,2,0,0,4198,16379,2,0,0,8,3,2,2
1121,36,0,884,1,73,2,0,0,6815,21447,6,0,0,15,1,0,0
1122,29,0,1370,3,87,1,2,0,4723,16213,1,1,0,10,10,9,5
1123,35,0,670,10,51,2,4,0,6142,4223,3,1,0,10,5,2,4
1124,39,0,1462,6,38,3,0,2,8237,4658,2,0,1,11,7,6,6
1125,29,0,995,2,87,2,4,1,8853,24483,1,0,1,6,6,4,3
1126,50,0,264,9,59,5,5,2,19331,19519,4,1,1,27,1,0,0
1127,23,0,977,10,45,1,6,2,2073,12826,2,0,1,4,2,2,2
1128,36,0,1302,6,80,2,2,2,5562,19711,3,1,1,9,3,2,2
1129,42,0,1059,9,93,5,5,0,19613,26362,8,0,0,24,1,0,1
1130,35,0,750,28,46,2,2,2,3407,25348,1,0,2,10,10,9,8
1131,34,0,653,10,92,2,4,2,5063,15332,1,0,1,8,8,2,7
1132,40,0,118,14,84,2,0,2,4639,11262,1,0,1,5,5,4,2
1133,43,0,990,27,87,1,2,1,4876,5855,5,0,1,8,6,4,2
1134,35,0,1349,7,63,1,2,2,2690,7713,1,0,1,1,1,0,1
1135,46,0,563,1,56,4,5,0,17567,3156,1,0,0,27,26,0,12
1136,28,1,329,24,51,1,2,2,2408,7324,1,1,3,1,1,1,0
1137,22,0,457,26,85,1,6,2,2814,10293,1,1,0,4,4,2,3
1138,50,0,1234,20,41,4,4,2,11245,20689,2,1,1,32,30,8,13
1139,32,0,634,5,35,1,6,2,3312,18783,3,0,2,6,3,2,2
1140,44,0,1313,7,31,5,7,1,19049,3549,0,1,1,23,22,7,10
1141,30,0,241,7,48,1,6,2,2141,5348,1,0,1,6,6,4,1
1142,45,0,1015,5,50,2,2,0,5769,23447,1,1,0,10,10,7,4
1143,45,0,336,26,52,2,0,2,4385,24162,1,0,1,10,10,7,5
1144,31,0,715,2,54,2,0,0,5332,21602,7,0,0,10,5,2,3
1145,36,0,559,12,76,2,3,2,4663,12421,9,1,2,7,3,2,1
1146,34,0,426,10,42,2,3,1,4724,17000,1,0,1,9,9,7,2
1147,49,0,722,25,84,1,2,2,3211,22102,1,0,1,10,9,6,4
1148,39,0,1387,10,76,2,3,2,5377,3835,2,0,3,10,7,7,7
1149,27,0,1302,19,67,1,2,1,4066,16290,1,0,2,7,7,7,7
1150,35,0,819,18,48,2,6,2,5208,26312,1,0,0,16,16,15,10
1151,28,0,580,27,39,2,3,1,4877,20460,0,0,1,6,5,3,0
1152,21,0,546,5,97,1,6,0,3117,26009,1,0,0,3,2,2,2
1153,18,1,544,3,70,1,1,0,1569,18420,1,1,0,0,0,0,0
1154,47,0,1176,26,98,5,5,2,19658,5220,3,0,1,27,5,2,0
1155,39,0,170,3,76,2,2,1,3069,10302,0,0,1,11,10,8,7
1156,40,0,884,15,80,3,3,2,10435,25800,1,0,2,18,18,15,12
1157,35,0,208,8,52,2,4,2,4148,12250,1,0,1,15,14,11,9
1158,37,0,671,19,85,2,3,2,5768,26493,3,0,3,9,4,3,2
1159,39,0,711,4,81,2,3,0,5042,3140,0,0,0,10,9,2,8
1160,45,0,1329,2,59,2,3,1,5770,5388,1,0,2,10,10,7,9
1161,38,0,397,2,54,3,3,2,7756,14199,3,1,1,10,5,4,2
1162,35,1,737,10,55,3,0,2,10306,21530,9,0,0,15,13,12,0
1163,37,0,1470,10,71,1,6,2,3936,9953,1,0,1,8,8,4,7
1164,40,0,448,16,84,3,3,0,7945,19948,6,1,0,18,4,2,3
1165,44,0,602,1,37,2,8,2,5743,10503,4,1,0,14,10,7,2
1166,48,0,365,4,89,4,5,2,15202,5602,2,0,1,23,2,2,2
1167,35,1,763,15,59,2,0,1,5440,22098,6,1,2,7,2,2,2
1168,24,0,567,2,32,1,6,0,3760,17218,1,1,0,6,6,3,3
1169,27,0,486,8,86,1,6,2,3517,22490,7,0,0,5,3,2,2
1170,27,0,591,2,87,1,6,0,2580,6297,2,0,0,6,4,2,2
1171,40,1,1329,7,73,1,2,0,2166,3339,3,1,0,10,4,2,3
1172,29,0,469,10,42,2,0,0,5869,23413,9,0,0,8,5,2,4
1173,36,0,711,5,42,3,4,2,8008,22792,4,0,2,9,3,2,2
1174,25,0,772,2,77,2,3,1,5206,4973,1,0,2,7,7,7,7
1175,39,0,492,12,66,2,3,2,5295,7693,4,0,0,7,5,4,0
1176,49,0,301,22,72,4,7,2,16413,3498,3,0,2,27,4,2,2
1177,50,0,813,17,50,3,7,1,13269,21981,5,0,3,19,14,11,11
1178,20,0,1141,2,31,1,1,0,2783,13251,1,0,0,2,2,2,2
1179,34,0,1130,3,66,2,6,1,5433,19332,1,0,1,11,11,8,9
1180,36,0,311,7,77,1,2,0,2013,10950,2,0,0,15,4,3,3
1181,49,0,465,6,41,4,4,2,13966,11652,2,1,1,30,15,11,12
1182,36,0,894,1,33,2,3,2,4374,15411,0,0,0,4,3,2,2
1183,36,0,1040,3,79,2,4,1,6842,26308,6,0,1,13,5,4,4
1184,54,0,584,22,91,4,5,2,17426,18685,3,0,1,36,10,8,7
1185,43,0,1291,15,65,4,7,2,17603,3525,1,0,1,14,14,10,11
1186,35,1,880,12,36,2,0,0,4581,10414,3,1,0,13,11,9,7
1187,38,0,1189,1,90,2,6,2,4735,9867,7,0,2,19,13,11,9
1188,29,0,991,5,43,2,0,1,4187,3356,1,1,1,10,10,0,9
1189,33,0,392,2,93,2,0,1,5505,3921,1,0,2,6,6,2,4
1190,32,0,977,2,45,2,6,1,5470,25518,0,0,2,10,9,5,6
1191,31,0,1112,5,67,2,0,2,5476,22589,1,0,2,10,10,0,2
1192,49,0,464,16,74,1,2,1,2587,24941,4,1,1,17,2,2,2
1193,38,0,148,2,42,1,2,0,2440,23826,1,0,0,4,4,3,3
1194,47,0,1225,2,47,4,5,1,15972,21086,6,0,3,29,3,2,2
1195,49,0,809,1,36,4,5,0,15379,22384,4,0,0,23,8,7,0
1196,41,0,1206,23,80,3,0,0,7082,11591,3,1,0,21,2,0,2
1197,20,0,727,9,54,1,1,0,2728,21082,1,0,0,2,2,2,2
1198,33,0,530,16,36,2,0,1,5368,16130,1,1,1,7,6,5,2
1199,36,0,1351,26,80,2,4,2,5347,7419,6,0,2,10,3,2,2
1200,44,0,528,1,44,1,8,1,3195,4167,4,1,3,8,2,2,2
1201,23,1,1320,8,93,1,2,0,3989,20586,1,1,0,5,5,4,2
1202,38,0,1495,4,87,1,2,2,3306,26176,7,0,1,7,0,0,0
1203,53,0,1395,24,48,3,4,2,7005,3458,3,0,0,11,4,3,2
1204,48,1,708,7,95,1,1,2,2655,11740,2,1,2,19,9,7,7
1205,32,1,1259,2,95,1,2,0,1393,24852,1,0,0,1,1,0,0
1206,26,0,786,7,76,1,2,0,2570,11925,1,0,0,7,7,7,7
1207,55,0,1441,22,94,1,6,1,3537,23737,5,0,1,8,4,2,2
1208,34,0,1157,5,57,2,2,2,3986,11912,1,0,1,15,15,10,13
1209,60,0,370,1,92,3,4,1,10883,20467,3,0,1,19,1,0,0
1210,33,0,267,21,79,1,2,2,2028,13637,1,0,3,14,14,11,13
1211,37,0,1278,1,31,2,0,1,9525,7677,1,0,2,6,6,3,3
1212,34,0,678,19,35,1,6,2,2929,20338,1,0,0,10,10,9,7
1213,23,1,427,7,99,1,1,1,2275,25103,1,1,1,3,3,2,2
1214,44,0,921,2,96,3,4,2,7879,14810,1,1,1,9,8,7,7
1215,35,0,146,2,79,1,6,0,4930,13970,0,1,0,6,5,4,4
1216,43,0,1179,2,73,2,0,2,7847,6069,1,1,1,10,10,9,8
1217,24,0,581,9,62,1,6,2,4401,17616,1,0,1,5,5,3,4
1218,41,0,918,6,35,3,0,0,9241,15869,1,0,0,10,10,8,7
1219,29,0,1082,9,43,1,2,2,2974,25412,9,0,1,9,5,3,2
1220,36,0,530,2,51,2,1,0,4502,7439,3,0,0,17,13,7,7
1221,45,0,1238,1,74,3,4,2,10748,3395,3,0,1,25,23,15,4
1222,24,1,240,22,58,1,8,2,1555,11585,1,0,1,1,1,0,0
1223,47,1,1093,9,82,4,0,2,12936,24164,7,0,0,25,23,5,10
1224,26,0,390,17,62,1,2,2,2305,6217,1,0,3,3,3,2,2
1225,45,0,1005,28,48,4,7,0,16704,17119,1,0,0,21,21,6,6
1226,32,0,585,10,56,1,6,2,3433,17360,6,0,1,10,5,2,3
1227,31,0,741,2,69,1,2,2,3477,18103,1,0,1,6,5,2,3
1228,41,0,552,4,60,2,8,2,6430,20794,6,0,1,10,3,2,2
1229,40,0,369,8,92,2,3,2,6516,5041,2,1,1,18,1,0,0
1230,24,0,506,29,91,1,2,1,3907,3622,1,0,3,6,6,2,2
1231,46,0,717,13,34,2,4,0,5562,9697,6,0,0,19,10,7,9
1232,35,0,1370,27,49,2,3,2,6883,5151,2,0,1,17,7,7,7
1233,30,0,793,16,33,1,6,2,2862,3811,1,0,1,10,10,0,8
1234,47,0,543,2,87,2,0,2,4978,3536,7,0,1,4,1,0,0
1235,46,0,1277,2,74,3,0,1,10368,5596,4,1,1,13,10,6,3
1236,36,1,1456,13,96,2,0,1,6134,8658,5,1,3,16,2,2,2
1237,32,1,964,1,34,2,0,0,6735,12147,6,0,0,10,0,0,0
1238,23,0,160,4,51,1,2,0,3295,12862,1,0,0,3,3,2,2
1239,31,0,163,24,30,2,3,0,5238,6670,2,0,0,9,5,4,4
1240,39,0,792,1,77,2,2,2,6472,8989,1,1,1,9,9,8,8
1241,32,0,371,19,80,3,0,2,9610,3840,3,0,1,10,4,3,2
1242,40,0,611,7,88,5,5,0,19833,4349,1,0,0,21,21,8,8
1243,45,0,176,4,56,3,8,2,9756,6595,4,0,2,9,5,0,3
1244,30,0,1312,2,78,1,6,0,4968,26427,0,0,0,10,9,7,7
1245,24,0,897,10,59,1,8,2,2145,2097,0,0,1,3,2,2,1
1246,30,1,600,8,66,1,8,1,2180,9732,6,0,1,6,4,2,2
1247,31,0,1003,5,51,2,0,2,8346,20943,1,0,1,6,5,2,2
1248,27,0,1054,8,67,1,6,0,3445,6152,1,0,0,6,6,2,4
1249,29,1,428,9,52,1,1,0,2760,14630,1,0,0,2,2,2,2
1250,29,0,461,1,70,2,4,0,6294,23060,8,1,0,10,3,2,2
1251,30,0,979,15,94,3,0,1,7140,3088,2,0,1,12,7,7,7
1252,34,0,181,2,97,1,6,2,2932,5586,0,1,3,6,5,0,2
1253,33,0,1283,2,62,2,0,0,5147,10697,8,0,0,13,11,7,7
1254,49,0,1313,11,80,2,0,0,4507,8191,3,0,0,8,5,1,4
1255,33,1,211,16,74,3,0,0,8564,10092,2,1,0,11,0,0,0
1256,38,0,594,2,75,1,2,2,2468,15963,4,0,1,9,6,1,5
1257,31,1,1079,16,70,3,0,2,8161,19002,2,0,3,10,1,0,0
1258,29,0,590,4,91,1,6,1,2109,10007,1,0,1,1,1,0,0
1259,30,0,305,16,58,2,4,2,5294,9128,3,0,1,10,7,0,7
1260,32,0,953,5,65,1,6,0,2718,17674,2,0,0,12,7,7,7
1261,38,0,833,18,60,2,4,2,5811,24539,3,1,1,15,1,0,0
1262,43,1,807,17,38,1,6,2,2437,15587,9,1,1,6,1,0,0
1263,42,0,855,12,57,1,2,1,2766,8952,8,0,3,7,5,3,4
1264,55,0,478,2,60,5,7,2,19038,19805,8,0,3,34,1,0,0
1265,33,0,775,4,90,2,6,1,3055,6194,5,0,2,11,9,8,7
1266,41,0,548,9,94,1,2,1,2289,20520,1,0,2,5,5,3,4
1267,34,0,1375,10,87,2,0,1,4001,12313,1,1,1,15,15,14,7
1268,53,0,661,1,60,4,3,2,12965,22308,4,1,3,27,3,2,2
1269,43,0,244,2,97,1,8,0,3539,5033,0,0,0,10,9,7,8
1270,34,0,511,3,32,2,0,0,6029,25353,5,0,0,6,2,2,2
1271,21,1,337,7,31,1,1,0,2679,4567,1,0,0,1,1,0,0
1272,38,0,1153,6,40,1,2,2,3702,16376,1,0,1,5,5,4,4
1273,22,1,1294,8,79,1,2,2,2398,15999,1,1,0,1,1,0,0
1274,31,0,196,29,91,2,0,2,5468,13402,1,0,2,13,12,7,7
1275,51,0,942,3,53,3,5,2,13116,22984,2,0,0,15,2,2,2
1276,37,0,589,9,46,2,0,2,4189,8800,1,0,2,5,5,2,3
1277,46,0,734,2,46,5,7,1,19328,14218,7,1,1,24,2,1,2
1278,36,0,1383,10,90,3,4,2,8321,25949,7,1,1,15,12,8,7
1279,44,1,429,1,99,1,6,1,2342,11092,1,1,3,6,5,3,3
1280,37,0,1239,8,89,2,8,1,4071,12832,2,0,0,19,10,0,7
1281,35,1,303,27,84,2,0,0,5813,13492,1,1,0,10,10,7,7
1282,33,0,867,8,90,1,6,2,3143,6076,6,0,1,14,10,8,6
1283,28,0,1181,1,82,1,6,2,2044,5531,1,0,1,5,5,3,3
1284,39,0,1253,10,65,3,7,0,13464,7914,7,0,0,9,4,3,2
1285,46,0,849,26,98,2,0,0,7991,25166,8,0,0,6,2,2,2
1286,40,0,616,2,99,1,2,2,3377,25605,4,0,1,7,4,3,2
1287,42,0,1128,13,95,2,4,2,5538,5696,5,0,2,10,0,0,0
1288,35,0,1180,2,90,2,3,1,5762,24442,2,0,1,15,7,7,7
1289,38,0,1336,2,100,1,8,1,2592,7129,5,0,3,13,11,10,8
1290,34,1,234,9,93,2,2,2,5346,6208,4,0,1,11,7,1,7
1291,37,1,370,10,58,2,3,0,4213,4992,1,0,0,10,10,3,8
1292,39,0,766,20,83,2,0,1,4127,19188,2,0,1,7,2,1,2
1293,43,0,343,9,52,1,6,0,2438,24978,4,0,0,7,3,2,2
1294,41,0,447,5,85,2,4,0,6870,15530,3,0,0,11,3,2,2
1295,41,0,796,4,81,3,0,1,10447,26458,0,1,1,23,22,14,5
1296,30,0,1092,10,64,3,3,0,9667,2739,9,0,0,9,7,7,2
1297,26,1,920,20,69,1,8,2,2148,6889,0,1,0,6,5,1,4
1298,46,1,261,21,66,2,4,2,8926,10842,4,0,1,13,9,7,7
1299,40,0,1194,1,52,2,4,1,6513,9060,4,0,1,12,5,3,3
1300,34,0,810,8,92,2,0,2,6799,22128,1,0,2,10,10,8,8
1301,58,0,350,2,52,4,5,1,16291,22577,4,0,1,37,16,9,14
1302,35,0,185,23,91,1,2,2,2705,9696,0,0,1,6,5,4,3
1303,47,0,1001,4,92,3,3,1,10333,19271,8,1,1,28,22,11,10
1304,40,0,750,12,47,2,4,1,4448,10748,2,0,1,15,7,4,7
1305,54,0,431,7,68,2,6,2,6854,15696,4,0,1,14,7,1,7
1306,31,0,1125,7,68,3,0,2,9637,8277,2,0,2,9,3,2,2
1307,28,0,1217,1,67,1,6,2,3591,12719,1,0,1,3,3,2,2
1308,38,0,723,2,77,2,1,2,5405,4244,2,1,2,20,4,2,3
1309,26,0,572,10,46,2,0,0,4684,9125,1,0,0,5,5,3,2
1310,58,0,1216,15,87,4,7,2,15787,21624,2,1,0,23,2,2,2
1311,18,0,1431,14,33,1,6,0,1514,8018,1,0,0,0,0,0,0
1312,31,1,359,18,89,1,8,2,2956,21495,0,0,0,2,1,0,0
1313,29,1,350,13,56,1,8,1,2335,3157,4,1,3,4,2,2,0
1314,45,0,589,2,67,2,0,2,5154,19665,4,0,2,10,8,7,7
1315,36,0,430,2,73,2,6,2,6962,19573,4,1,1,15,1,0,0
1316,43,0,1422,2,92,2,0,2,5675,19246,1,0,1,7,7,7,7
1317,27,0,1297,5,53,1,2,0,2379,19826,0,1,0,6,5,4,2
1318,29,0,574,20,40,1,2,2,3812,7003,1,0,0,11,11,8,10
1319,32,0,1318,10,79,2,0,0,4648,26075,8,0,0,4,0,0,0
1320,42,0,355,10,38,1,6,2,2936,6161,3,0,2,10,6,3,3
1321,47,0,207,9,64,1,2,0,2105,5411,4,0,0,7,2,2,0
1322,46,0,706,2,82,3,3,1,8578,19989,3,0,1,12,9,8,7
1323,28,0,280,1,43,1,8,1,2706,10494,1,0,1,3,3,2,2
1324,29,0,726,29,93,2,4,1,6384,21143,8,0,2,11,7,0,6
1325,42,0,1142,8,81,1,2,0,3968,13624,4,0,0,8,0,0,0
1326,32,1,414,2,82,2,0,0,9907,26186,7,1,0,7,2,2,2
1327,46,0,1319,3,45,4,0,1,13225,7739,2,0,1,25,19,17,8
1328,27,0,728,23,36,2,1,2,3540,7018,1,0,1,9,9,8,8
1329,29,0,352,6,87,1,8,2,2804,15434,1,0,0,1,1,0,0
1330,43,0,823,6,81,5,5,2,19392,22539,7,0,0,21,16,12,14
1331,48,0,1224,10,91,5,7,2,19665,13583,4,0,0,29,22,10,9
1332,29,1,459,24,73,1,6,0,2439,14753,1,1,0,1,1,0,0
1333,46,1,1254,10,64,3,0,2,7314,14011,5,0,3,14,8,7,7
1334,27,0,1131,15,77,1,6,2,4774,23844,0,0,1,8,7,6,3
1335,39,0,835,19,41,2,6,1,3902,5141,8,0,3,7,2,2,2
1336,55,0,836,2,98,1,6,2,2662,7975,8,0,1,19,5,2,4
1337,28,0,1172,3,78,1,1,2,2856,3692,1,0,1,1,1,0,0
1338,30,1,945,9,89,1,1,0,1081,16019,1,0,0,1,1,0,0
1339,22,1,391,7,75,1,6,0,2472,26092,1,1,0,1,1,0,0
1340,36,0,1266,10,63,2,0,2,5673,6060,1,1,1,10,10,9,7
1341,31,0,311,20,89,2,2,1,4197,18624,1,0,1,10,10,8,2
1342,34,0,1480,4,64,3,0,2,9713,24444,2,1,3,9,5,3,0
1343,29,0,592,7,59,1,2,0,2062,19384,3,0,0,11,3,2,2
1344,37,0,783,7,78,2,6,2,4284,13588,5,1,1,16,5,3,4
1345,35,0,219,16,44,2,3,2,4788,25388,0,1,0,4,3,2,2
1346,45,0,556,25,93,2,3,2,5906,23888,0,0,2,10,9,8,8
1347,36,0,1213,2,94,2,8,0,3886,4223,1,0,0,10,10,1,8
1348,40,0,1137,1,98,4,5,1,16823,18991,2,0,1,22,19,7,16
1349,26,0,482,1,90,1,6,2,2933,14908,1,1,1,1,1,0,0
1350,27,0,511,2,89,2,0,0,6500,26997,0,0,0,9,8,7,7
1351,48,0,117,22,58,4,5,1,17174,2437,3,0,1,24,22,17,7
1352,44,0,170,1,78,2,4,2,5033,9364,2,0,1,10,2,0,2
1353,34,1,967,16,85,1,6,2,2307,14460,1,1,1,5,5,2,0
1354,56,1,1162,24,97,1,2,0,2587,10261,1,0,0,5,4,2,0
1355,36,0,335,17,33,2,0,2,5507,16822,2,0,2,12,4,2,3
1356,41,0,337,8,54,2,0,2,4393,26841,5,0,1,14,5,4,4
1357,42,0,1396,6,83,3,7,2,13348,14842,9,0,1,18,13,7,7
1358,31,0,1079,10,86,2,0,1,6583,20115,2,1,1,8,5,2,4
1359,34,0,735,3,75,2,0,2,8103,16495,3,1,0,9,4,2,1
1360,31,0,471,4,62,1,2,1,3978,16031,8,0,1,4,2,2,2
1361,26,0,1096,6,61,1,2,2,2544,7102,0,0,1,8,7,7,7
1362,45,0,1297,1,44,2,4,0,5399,14511,4,0,0,12,4,2,3
1363,33,0,217,10,43,2,0,0,5487,10410,1,0,0,10,10,4,9
1364,28,0,783,1,42,2,0,2,6834,19255,1,1,1,7,7,7,7
1365,29,1,746,24,45,1,1,0,1091,10642,1,0,0,1,1,0,0
1366,39,0,1251,21,32,2,0,2,5736,3987,6,0,1,10,3,2,2
1367,27,0,1354,2,41,1,6,2,2226,6073,1,0,1,6,5,3,2
1368,34,0,735,22,86,2,6,2,5747,26496,1,1,0,16,15,10,11
1369,28,1,1475,13,84,2,0,0,9854,23352,3,1,0,6,2,0,2
1370,47,0,1169,14,64,2,6,2,5467,2125,8,0,1,16,8,7,7
1371,56,0,1443,11,89,2,0,2,5380,20328,4,0,1,6,0,0,0
1372,39,0,867,9,87,2,3,2,5151,12315,1,0,1,10,10,0,9
1373,38,0,1394,8,58,2,6,1,2133,18115,1,1,1,20,20,11,7
1374,58,0,605,21,72,4,5,2,17875,11761,4,1,1,29,1,0,0
1375,32,1,238,5,47,1,6,0,2432,15318,3,1,0,8,4,1,3
1376,38,0,1206,9,71,1,6,1,4771,14293,2,0,2,10,5,2,3
1377,49,0,1064,2,42,5,7,2,19161,13738,3,0,0,28,5,4,3
1378,42,0,419,12,77,2,0,1,5087,2900,3,1,2,14,0,0,0
1379,27,1,1337,22,58,1,8,2,2863,19555,1,0,0,1,1,0,0
1380,35,0,682,18,71,2,0,2,5561,15975,0,0,1,6,5,3,4
1381,28,0,1103,16,49,1,6,0,2144,2122,1,0,0,5,5,3,4
1382,31,0,976,3,48,1,6,1,3065,3995,1,1,1,4,4,2,3
1383,36,0,1351,9,66,1,2,2,2810,9238,1,0,0,5,5,4,2
1384,34,0,937,1,32,3,0,0,9888,6770,1,0,0,14,14,8,1
1385,34,0,1239,13,39,3,0,1,8628,22914,1,0,1,9,8,7,1
1386,26,0,157,1,95,1,2,0,2867,20006,0,0,0,8,7,7,6
1387,29,0,136,1,89,2,4,2,5373,6225,0,0,1,6,5,3,2
1388,32,0,1146,15,34,2,4,1,6667,16542,5,0,1,9,5,1,2
1389,31,0,1125,1,48,2,6,2,5003,5771,1,0,0,10,10,8,7
1390,28,1,1404,17,32,1,2,1,2367,18779,5,0,1,6,4,1,3
1391,38,0,1404,1,59,1,1,0,2858,11473,4,0,0,20,1,0,0
1392,35,0,1224,7,55,2,0,2,5204,13586,1,1,0,10,10,8,9
1393,27,0,954,9,44,2,0,0,4105,5099,1,0,0,7,7,7,7
1394,32,0,1373,5,56,2,3,0,9679,10138,8,0,0,8,1,0,0
1395,31,1,754,26,63,2,0,2,5617,21075,1,1,0,10,10,7,8
1396,53,1,1168,24,66,3,0,0,10448,5843,6,1,0,15,2,2,2
1397,54,0,155,9,67,2,6,2,2897,22474,3,0,2,9,4,3,3
1398,33,0,1303,7,36,2,4,1,5968,18079,1,0,3,9,9,7,8
1399,43,0,574,11,30,3,4,2,7510,16873,1,0,1,10,10,9,9
1400,38,0,1444,1,88,1,8,2,2991,5224,0,1,1,7,6,2,2
1401,55,0,189,26,71,5,5,2,19636,25811,4,1,1,35,10,9,4
1402,31,0,1276,2,59,1,2,1,1129,17536,1,1,3,1,1,0,0
1403,39,0,119,15,77,4,0,0,13341,25098,0,0,0,21,20,8,10
1404,42,0,335,23,37,2,6,0,4332,14811,1,0,0,20,20,9,7
1405,31,0,697,10,40,3,7,2,11031,26862,4,0,1,13,11,7,8
1406,54,0,157,10,77,2,3,0,4440,25198,6,1,0,9,5,2,4
1407,24,0,771,1,45,2,4,0,4617,14120,1,0,0,4,4,3,2
1408,23,0,571,12,78,1,2,0,2647,13672,1,0,0,5,5,2,4
1409,40,0,692,11,73,2,2,2,6323,26849,1,0,1,10,10,9,4
1410,40,0,444,2,92,2,0,2,5677,4258,3,0,1,15,11,8,10
1411,25,0,309,2,82,1,8,2,2187,19655,4,0,0,6,2,0,2
1412,30,0,911,1,76,1,2,2,3748,4077,1,0,0,12,12,8,7
1413,25,0,977,2,57,1,2,1,3977,7298,6,1,1,7,2,2,2
1414,47,0,1180,25,84,3,4,0,8633,13084,2,0,0,25,17,14,11
1415,33,0,1313,1,59,1,2,1,2008,20439,1,0,3,1,1,1,0
1416,38,0,1321,1,86,2,0,2,4440,7636,0,0,2,16,15,13,8
1417,31,0,1154,2,54,1,1,2,3067,6393,0,0,1,3,2,2,2
1418,38,0,508,6,72,2,3,2,5321,14284,2,0,1,10,8,3,7
1419,42,0,557,18,35,2,6,1,5410,11189,6,1,1,9,4,3,2
1420,41,0,642,1,76,1,6,2,2782,21412,3,0,1,12,5,3,0
1421,47,0,1162,1,98,3,7,2,11957,17231,0,0,2,14,13,8,12
1422,35,0,1490,11,43,1,2,2,2660,20232,7,1,1,5,2,2,2
1423,22,0,581,1,63,1,6,0,3375,17624,0,0,0,4,3,2,2
1424,35,0,1395,9,48,2,6,0,5098,18698,1,0,0,10,10,7,8
1425,33,0,501,15,95,2,4,2,4878,21653,0,1,1,10,9,7,1
1426,32,0,267,29,49,1,2,0,2837,15919,1,0,0,6,6,2,1
1427,40,0,543,1,83,1,2,2,2406,4060,8,0,2,8,1,0,0
1428,32,0,234,1,68,1,1,2,2269,18024,0,0,1,3,2,2,2
1429,39,0,116,24,52,2,6,0,4108,5340,7,0,0,18,7,7,7
1430,38,0,201,10,99,3,7,2,13206,3376,3,0,1,20,18,16,11
1431,32,0,801,1,48,3,0,2,10422,24032,1,0,2,14,14,10,7
1432,37,0,161,10,42,3,7,2,13744,15471,1,1,1,16,16,11,8
1433,25,0,1382,8,85,2,0,1,4907,13684,0,1,1,6,5,3,4
1434,52,0,585,29,40,1,1,1,3482,19788,2,0,2,16,9,8,0
1435,44,0,1037,1,42,1,6,0,2436,13422,6,1,0,6,4,3,2
1436,21,0,501,5,58,1,1,0,2380,25479,1,1,0,2,2,2,2
1437,39,0,105,9,87,5,5,0,19431,15302,2,0,0,21,6,0,3
1438,23,1,638,9,33,1,1,2,1790,26956,1,0,1,1,1,0,0
1439,36,0,557,3,94,3,0,2,7644,12695,0,0,2,10,9,7,4
1440,36,0,688,4,97,2,3,1,5131,9192,7,0,3,18,4,2,2
1441,56,0,667,1,57,2,4,1,6306,26236,1,0,1,13,13,12,9
1442,29,1,1092,1,36,1,6,2,4787,26124,9,1,3,4,2,2,2
1443,42,0,300,2,56,5,5,2,18880,17312,5,0,0,24,22,6,14
1444,56,1,310,7,72,1,2,2,2339,3666,8,0,1,14,10,9,8
1445,41,0,582,28,60,4,3,2,13570,5640,0,0,1,21,20,7,10
1446,34,0,704,28,95,2,0,2,6712,8978,1,0,2,8,8,7,7
1447,36,0,301,15,88,2,0,1,5406,10436,1,0,1,15,15,12,11
1448,41,0,930,3,57,2,0,1,8938,12227,2,0,1,14,5,4,4
1449,32,0,529,2,78,1,6,0,2439,11288,1,0,0,4,4,2,2
1450,35,0,1146,26,31,3,8,0,8837,16642,1,1,0,9,9,0,7
1451,38,0,345,10,100,2,0,2,5343,5982,1,0,1,10,10,7,9
1452,50,1,878,1,94,2,0,1,6728,14255,7,0,2,12,6,3,1
1453,36,0,1120,11,100,2,0,2,6652,14369,4,0,1,8,6,3,0
1454,45,0,374,20,50,2,0,0,4850,23333,8,0,0,8,5,3,1
1455,40,0,1322,2,52,1,6,0,2809,2725,2,0,0,8,2,2,2
1456,35,0,1199,18,80,2,4,2,5689,24594,1,1,2,10,10,2,2
1457,40,0,1194,2,98,1,6,2,2001,12549,2,0,3,20,5,3,2
1458,35,0,287,1,62,1,6,2,2977,8952,1,0,1,4,4,3,1
1459,29,0,1378,13,46,2,2,2,4025,23679,4,1,1,10,4,3,3
1460,29,0,468,28,73,1,6,0,3785,8489,1,0,0,5,5,4,4
1461,50,1,410,28,39,3,0,1,10854,16586,4,1,1,20,3,2,0
1462,39,0,722,24,60,4,0,2,12031,8828,0,0,1,21,20,9,6
1463,31,0,325,5,74,2,3,0,9936,3787,0,0,0,10,9,4,7
1464,26,0,1167,5,30,1,1,0,2966,21378,0,0,0,5,4,2,0
1465,36,0,884,23,41,2,2,2,2571,12290,4,0,1,17,5,2,3
1466,39,0,613,6,42,3,4,2,9991,21457,4,0,1,9,7,7,7
1467,27,0,155,4,87,2,3,2,6142,5174,1,1,1,6,6,2,3
1468,49,0,1023,2,63,2,0,2,5390,13243,2,0,0,17,9,6,8
1469,34,0,628,8,82,2,2,2,4404,10228,2,0,0,6,4,3,2
